{"type":"FeatureCollection","features":[{"type":"Feature","properties":{"OBJECTID_1":347,"OBJECTID":916,"COUNTY_NAM":"MACHAKOS","CONST_CODE":75,"CONSTITUEN":"MASINGA","COUNTY_ASS":371,"COUNTY_A_1":"KIVAA","COUNTY_COD":16,"Shape_Leng":1.31550721504,"Shape_Le_1":1.31550721504,"Shape_Area":0.04208434484,"county_name":"MACHAKOS","ward_name":"KIVAA","ward_code":371,"constituency_name":"MASINGA","constituency_code":75,"source_file":"ward_371.geojson"},"geometry":{"type":"Polygon","coordinates":[[[37.74474334700005,-0.78028911399997],[37.747367859000065,-0.787831007999955],[37.74745941200007,-0.792681037999955],[37.749408722000055,-0.799201905999951],[37.74977111800007,-0.802832662999947],[37.75163650500008,-0.806413650999957],[37.75268173200004,-0.809920072999944],[37.754844666000054,-0.812680422999961],[37.75391387900004,-0.815440713999976],[37.75611496000005,-0.818163871999957],[37.75727081300005,-0.823835789999976],[37.75976944000007,-0.82354068799998],[37.76489257800006,-0.824304520999931],[37.76697540300006,-0.823054670999966],[37.76895141600005,-0.822938680999926],[37.77030563400007,-0.820871173999933],[37.77109527600004,-0.820727943999941],[37.775867462000065,-0.822804867999935],[37.77770614600007,-0.824476003999962],[37.77954483000008,-0.824905752999939],[37.78214645400004,-0.824810325999977],[37.78400802600004,-0.822685539999952],[37.78797149700006,-0.822733222999943],[37.79100418100006,-0.81896132199995],[37.79635238600008,-0.816812693999964],[37.798999786000024,-0.810916006999946],[37.80181884800004,-0.80874347699995],[37.80398941000004,-0.803348242999959],[37.80557251000005,-0.801653801999976],[37.80715179400005,-0.804240405999963],[37.80791854900008,-0.807175456999971],[37.807556152000075,-0.814067303999934],[37.80796814000007,-0.814956604999963],[37.80904388400006,-0.815093397999931],[37.81075668300008,-0.81420415599996],[37.812210083000025,-0.81247687299998],[37.81407165500008,-0.808201550999968],[37.81842804000007,-0.804592728999978],[37.82027435300006,-0.804405927999937],[37.82467651400003,-0.806004106999978],[37.828308105000076,-0.805505871999969],[37.831733704000044,-0.812479555999971],[37.83355712900004,-0.813745617999928],[37.83478164700006,-0.813683330999936],[37.83692169200003,-0.81223052699994],[37.83814621000005,-0.809449314999938],[37.842315674000076,-0.811317324999948],[37.84484481800007,-0.811116456999969],[37.84596633900003,-0.813982486999976],[37.844497681000064,-0.815417527999955],[37.84303283700007,-0.818459152999935],[37.84682464600007,-0.820455729999935],[37.84755706800007,-0.82157880099993],[37.84749603300003,-0.825369178999949],[37.84603118900003,-0.82653880099997],[37.84555435200008,-0.828077852999968],[37.84736251800007,-0.82882499699997],[37.84736251800007,-0.829930722999961],[37.849082947000056,-0.832545637999942],[37.84081649800004,-0.835011064999946],[37.840431213000045,-0.835967361999963],[37.84190750100004,-0.837073087999954],[37.84152221700003,-0.84039026499994],[37.84253692600004,-0.841256916999953],[37.844570160000046,-0.841391443999953],[37.844673157000045,-0.842138528999953],[37.842880249000075,-0.842825889999972],[37.84102630600006,-0.845007419999945],[37.837306976000036,-0.845007478999946],[37.83654403700007,-0.846621214999971],[37.83818817100007,-0.848474084999964],[37.83683013900003,-0.849893569999949],[37.83648300200008,-0.851507305999974],[37.83098602300004,-0.853599249999945],[37.83116531400003,-0.854435979999948],[37.833034515000065,-0.854958950999958],[37.83295822100007,-0.857529043999932],[37.82986450200008,-0.857230185999924],[37.82837295500008,-0.860726654999951],[37.83152389500003,-0.862624406999942],[37.831821442000034,-0.864073752999957],[37.82979202300004,-0.865553020999926],[37.82714462300004,-0.865702449999958],[37.82616043100006,-0.866554140999938],[37.825874329000044,-0.867510437999954],[37.82736969000007,-0.870887398999969],[37.82736969000007,-0.872232198999939],[37.82629394500003,-0.873083888999929],[37.82539749100005,-0.872516035999979],[37.82376861600005,-0.872770130999925],[37.82378387500006,-0.873831092999978],[37.82574081400003,-0.875101088999941],[37.82571029700006,-0.876057385999957],[37.82369613600008,-0.876714884999956],[37.82155609100005,-0.879822849999925],[37.821125031000065,-0.880794107999975],[37.821945190000065,-0.881884872999933],[37.821945190000065,-0.882930814999952],[37.82064437900004,-0.882333158999927],[37.819824219000054,-0.882557332999966],[37.819957733000024,-0.883543490999955],[37.82160186800007,-0.884933113999978],[37.82110977200006,-0.886711239999954],[37.82245254500003,-0.889356016999955],[37.82212448100006,-0.89093989099996],[37.82427597000003,-0.890820323999947],[37.82246780400004,-0.895258187999957],[37.819736481000064,-0.895183503999931],[37.81845092800006,-0.896169661999977],[37.81825637800006,-0.899830519999966],[37.82083892800006,-0.900398313999972],[37.82453155500008,-0.899994968999977],[37.82838439900007,-0.901414393999971],[37.83022308300008,-0.902968406999946],[37.83043289200003,-0.905090212999937],[37.83216476400003,-0.905717730999925],[37.83690261800007,-0.905239581999979],[37.83670806900005,-0.907286703999944],[37.83307647700008,-0.907809674999953],[37.83274841300005,-0.909961342999964],[37.83394622800006,-0.910708486999965],[37.83310699500004,-0.912636041999974],[37.83401870700004,-0.912860154999976],[37.83744049100005,-0.909707307999952],[37.838638306000064,-0.909841834999952],[37.838111877000074,-0.914339422999944],[37.83841323900003,-0.918837069999938],[37.83753204300007,-0.920226692999961],[37.83957672100007,-0.920301377999976],[37.84128189100005,-0.91941976499993],[37.84273147600004,-0.91983819],[37.842864990000066,-0.920391022999979],[37.84047317500006,-0.923678338999935],[37.84117507900004,-0.924036919999935],[37.84383773800005,-0.923573731999966],[37.844314575000055,-0.924873709999929],[37.84159469600007,-0.927652954999928],[37.84695816000004,-0.928519606999942],[37.84736251800007,-0.92956554899996],[37.84915542600004,-0.930880486999968],[37.85115814200003,-0.933450579999942],[37.84894561800007,-0.934750496999925],[37.848842621000074,-0.936588406999931],[37.84975433300008,-0.936767756999927],[37.851322174000074,-0.935153960999969],[37.852325439000026,-0.938007950999975],[37.85211563100006,-0.939292966999972],[37.85015869100005,-0.941773354999953],[37.84757232700008,-0.940010189999953],[37.84682464600007,-0.940249263999931],[37.84603118900003,-0.942296385999953],[37.84875106800007,-0.943357288999948],[37.84638977100008,-0.946046888999945],[37.84628677400008,-0.947316944999955],[37.849216461000026,-0.947974442999964],[37.851455688000044,-0.950305401999969],[37.84933471700003,-0.951934217999963],[37.84914016700003,-0.952830671999948],[37.85068130500008,-0.955236315999969],[37.85393905600006,-0.958598374999951],[37.85414505000006,-0.962348877999943],[37.85351944000007,-0.962901710999972],[37.852710724000076,-0.962707459999933],[37.85105514500003,-0.958956956999941],[37.85068130500008,-0.961033939999936],[37.84864807100007,-0.961497127999962],[37.846569061000025,-0.963066100999924],[37.84492874100005,-0.963110923999977],[37.84449386600005,-0.964020013999971],[37.84586715700004,-0.965277552999964],[37.84790039100005,-0.964395939999974],[37.84864807100007,-0.965979814999969],[37.85003662100007,-0.965680956999961],[37.85320663500005,-0.966756820999933],[37.85717392000004,-0.965485512999976],[37.85956573500005,-0.967930912999975],[37.864036560000045,-0.968879222999931],[37.86338806200007,-0.971426903999941],[37.862148285000046,-0.972338139999977],[37.862243652000075,-0.973816513999964],[37.862865448000036,-0.974123358999975],[37.866100311000025,-0.972775160999959],[37.86774826000004,-0.973546862999967],[37.86803436300005,-0.977777480999976],[37.86692047100007,-0.977963387999978],[37.86547851600005,-0.977359055999955],[37.86228179900007,-0.978419005999967],[37.86219787600004,-0.980046152999932],[37.864139557000044,-0.980232119999926],[37.86557006800007,-0.98184067],[37.86547851600005,-0.982696115999943],[37.86088562000003,-0.982677459999934],[37.85884094200003,-0.984267472999932],[37.858848572000056,-0.985662161999926],[37.855705261000026,-0.985643565999965],[37.855361938000044,-0.986517548999927],[37.85395813000008,-0.98657333899996],[37.849567413000045,-0.991120874999979],[37.84964370700004,-0.992483973999924],[37.85049819900007,-0.99325203899997],[37.85030746500007,-0.994269668999948],[37.84753036500007,-0.993770479999966],[37.84621810900006,-0.994730531999949],[37.84602356000005,-0.996880888999954],[37.84669494600007,-0.997600912999928],[37.84703445400004,-0.99947577699993],[37.84897995000006,-1.000620126999934],[37.84896850600006,-1.002321838999933],[37.851242065000065,-1.003151773999946],[37.85007476800007,-1.005995273999929],[37.85042572000003,-1.008562206999955],[37.84907531700003,-1.013572930999942],[37.84982681300005,-1.016339539999933],[37.849319458000025,-1.017400145999943],[37.84878158600003,-1.026376485999947],[37.84629440300006,-1.029296874999943],[37.847431183000026,-1.03197133499998],[37.84709167500006,-1.033846497999946],[37.84833526600005,-1.041454791999968],[37.845806122000056,-1.04491746399998],[37.845996857000046,-1.047472118999963],[37.84446334800003,-1.048504948999948],[37.84350585900006,-1.051303863999976],[37.84166336100003,-1.052003621999972],[37.84062957800006,-1.051748156999963],[37.84001922600004,-1.05243682899993],[37.83972930900006,-1.05468034699993],[37.838264465000066,-1.055646657999944],[37.836120605000076,-1.058278917999928],[37.83477783200004,-1.063154816999941],[37.83319091800007,-1.063676833999978],[37.83186721800007,-1.065764903999934],[37.83195495600006,-1.067730783999934],[37.82780075100004,-1.071085094999944],[37.82605743400006,-1.070007681999925],[37.825069427000074,-1.070862888999955],[37.822437286000024,-1.070085525999957],[37.82057189900007,-1.070785164999961],[37.82091522200005,-1.071596025999952],[37.82028198200004,-1.072551130999955],[37.82025146500007,-1.076438545999963],[37.81855011000005,-1.077071666999927],[37.81879425000005,-1.080203771999948],[37.81578445400004,-1.08334696299994],[37.814331055000025,-1.08623468899998],[37.81169891400003,-1.087800740999967],[37.81145477300004,-1.088933705999978],[37.81048584000007,-1.089500069999929],[37.81034088100006,-1.090844034999975],[37.80799865700004,-1.092232346999936],[37.80844497700008,-1.094553708999968],[37.80786514300007,-1.096264123999958],[37.80785369900008,-1.099396228999979],[37.804622650000056,-1.109081387999936],[37.802478790000066,-1.111002802999963],[37.801879883000026,-1.116489529999967],[37.80076980600006,-1.117966770999942],[37.798801422000054,-1.11767804599998],[37.79796981800007,-1.118244409999932],[37.79776001000005,-1.120687961999977],[37.79388046300005,-1.124952911999969],[37.73356246900005,-1.080048202999933],[37.73723220800008,-1.067888259999961],[37.73901748700007,-1.066935657999977],[37.74127960200008,-1.063720702999945],[37.74211120600006,-1.055980801999965],[37.74163818400007,-1.053956508999931],[37.742290497000056,-1.051217793999967],[37.740505219000056,-1.050027131999968],[37.739730835000046,-1.048717140999941],[37.74002838100006,-1.047466992999944],[37.74360275300006,-1.042644500999927],[37.746578217000035,-1.035440563999941],[37.747829437000064,-1.030439376999937],[37.74729156500007,-1.028712868999946],[37.744434357000046,-1.025855063999927],[37.745246887000064,-1.021042465999926],[37.74709320100004,-1.017169355999954],[37.752933502000076,-1.008822321999958],[37.75691223100006,-1.001693129999978],[37.75643539400005,-0.998304843999961],[37.754463196000074,-0.994170844999928],[37.74097061200007,-0.995691656999952],[37.73881912200005,-0.994089126999938],[37.73661041300005,-0.993728577999946],[37.73461914100005,-0.986777543999949],[37.72809600800008,-0.973971366999933],[37.72268295300006,-0.969670354999948],[37.72042083700006,-0.966868519999935],[37.719123840000066,-0.963877975999935],[37.71731185900006,-0.962143778999973],[37.714778900000056,-0.964473902999941],[37.71276474000007,-0.964360355999929],[37.71150589000007,-0.965200960999937],[37.706573486000025,-0.966331243999946],[37.70039367700008,-0.968769847999965],[37.69571304300007,-0.96825486399996],[37.68673706100003,-0.968374847999939],[37.68058013900003,-0.958593666999946],[37.67500686600005,-0.951556145999973],[37.67467498800005,-0.950160085999926],[37.675292969000054,-0.947951554999975],[37.67373657200005,-0.94340860799997],[37.67394256600005,-0.941394626999966],[37.67339325000006,-0.939769684999931],[37.671688080000024,-0.938476621999939],[37.67009735100004,-0.93574178199998],[37.669513702000074,-0.935615837999933],[37.67036056500007,-0.93191969399993],[37.66950225800008,-0.928933023999946],[37.665256500000055,-0.92768573799998],[37.66447830200008,-0.926037847999964],[37.66214370700004,-0.924252807999949],[37.66191482500005,-0.923474668999972],[37.659629822000056,-0.922696530999929],[37.65690612800006,-0.914892255999973],[37.657093048000036,-0.908929824999973],[37.65792465200008,-0.907557248999979],[37.657363892000035,-0.906115412999952],[37.65763855000006,-0.90397554599997],[37.65635681200007,-0.900634169999933],[37.655658722000055,-0.900222181999936],[37.65600204500004,-0.898608684999942],[37.65520095800008,-0.898070871999948],[37.65520095800008,-0.896629034999933],[37.654605865000065,-0.896663367999963],[37.65438842800006,-0.895988225999929],[37.65451431300005,-0.893505036999954],[37.658519745000035,-0.890873133999946],[37.66029357900004,-0.89112490399998],[37.661766052000075,-0.890655695999953],[37.661708832000045,-0.887955128999977],[37.66040039100005,-0.887149571999942],[37.660617828000056,-0.885119139999972],[37.659580231000064,-0.882665752999969],[37.65855026200006,-0.881662606999953],[37.659652710000046,-0.881445049999968],[37.661342621000074,-0.879910170999949],[37.662864685000045,-0.879958509999938],[37.66373825100004,-0.878411530999927],[37.66320419300007,-0.877178787999981],[37.66436386100003,-0.876876651999964],[37.66610717800006,-0.878036856999927],[37.66724014300007,-0.876949130999947],[37.66774749800004,-0.875220894999927],[37.665840149000076,-0.874133169999936],[37.66478729200003,-0.874374865999926],[37.664474487000064,-0.872719108999945],[37.66238403300008,-0.874495744999933],[37.66129684400005,-0.873214601999962],[37.660339355000076,-0.873734354999954],[37.65998840300006,-0.871558904999972],[37.65844345100004,-0.871099590999961],[37.65768051100008,-0.86968559],[37.65671539300007,-0.869286775999967],[37.65724563600003,-0.866192697999963],[37.65873336800007,-0.864355742999976],[37.65955352800006,-0.861406802999966],[37.65803146400003,-0.86156392099997],[37.657802582000045,-0.859763144999931],[37.65610885600006,-0.860754191999945],[37.65589141800007,-0.859485148999966],[37.654804230000025,-0.859593867999934],[37.65507125900007,-0.858772098999964],[37.65421295200008,-0.857225119999953],[37.65523910500008,-0.85591226799994],[37.65502166700003,-0.854348718999972],[37.65636444100005,-0.853647648999925],[37.65861129800004,-0.850795447999928],[37.65934753400006,-0.847670852999954],[37.66082763700007,-0.846491515999958],[37.66410446200007,-0.84638857799996],[37.665065765000065,-0.845840751999958],[37.66576767000004,-0.841926872999977],[37.66738128700007,-0.840794324999933],[37.66875457800006,-0.838529109999968],[37.670932770000036,-0.837227224999936],[37.67096710200008,-0.831699251999964],[37.67203140300006,-0.828799128999947],[37.674064636000026,-0.825745224999935],[37.67553329500004,-0.824853479999945],[37.67746353100006,-0.824797689999969],[37.681495667000036,-0.822586833999935],[37.679805756000064,-0.817516624999939],[37.68068313600003,-0.813206314999945],[37.68241500900007,-0.808693170999959],[37.68106842000003,-0.800756751999927],[37.68152999900008,-0.795837044999928],[37.683574677000024,-0.794259070999942],[37.68777465800008,-0.794027029999938],[37.69021225000006,-0.796834647999958],[37.69276428200004,-0.794699966999929],[37.692440033000025,-0.791845619999947],[37.692901611000025,-0.79112625099998],[37.69383239700005,-0.790615736999939],[37.69531631500007,-0.790894209999976],[37.69884491000005,-0.789037703999952],[37.69874954200003,-0.784210860999963],[37.71167755100004,-0.78008019899994],[37.71666336100003,-0.780103444999952],[37.72098159800004,-0.779337644999941],[37.722839355000076,-0.780358731999968],[37.724231720000034,-0.780358731999968],[37.72768783600003,-0.778084575999969],[37.73028564500004,-0.775299787999927],[37.732166290000066,-0.774464368999929],[37.73826980600006,-0.776042401999973],[37.74302673300008,-0.778479039999979],[37.744551143000024,-0.780020208999929],[37.74474334700005,-0.78028911399997]]]}},{"type":"Feature","properties":{"OBJECTID_1":324,"OBJECTID":769,"COUNTY_NAM":"MACHAKOS","CONST_CODE":75,"CONSTITUEN":"MASINGA","COUNTY_ASS":372,"COUNTY_A_1":"MASINGA CENTRAL","COUNTY_COD":16,"Shape_Leng":1.02836450327,"Shape_Le_1":1.02836450327,"Shape_Area":0.03293467941,"county_name":"MACHAKOS","ward_name":"MASINGA CENTRAL","ward_code":372,"constituency_name":"MASINGA","constituency_code":75,"source_file":"ward_372.geojson"},"geometry":{"type":"Polygon","coordinates":[[[37.63353779400006,-0.838552190999962],[37.63587570200008,-0.838940977999926],[37.63743591300005,-0.842476009999928],[37.63944625900007,-0.845376133999935],[37.64208602900004,-0.844809829999974],[37.64605331400003,-0.841961204999961],[37.648555756000064,-0.844432293999944],[37.65260696400003,-0.844483792999938],[37.65578079200003,-0.847092151999959],[37.65934753400006,-0.847670852999954],[37.65861129800004,-0.850795447999928],[37.65636444100005,-0.853647648999925],[37.65502166700003,-0.854348718999972],[37.65523910500008,-0.85591226799994],[37.65421295200008,-0.857225119999953],[37.65507125900007,-0.858772098999964],[37.654804230000025,-0.859593867999934],[37.65589141800007,-0.859485148999966],[37.65610885600006,-0.860754191999945],[37.657802582000045,-0.859763144999931],[37.65803146400003,-0.86156392099997],[37.65955352800006,-0.861406802999966],[37.65873336800007,-0.864355742999976],[37.65724563600003,-0.866192697999963],[37.65671539300007,-0.869286775999967],[37.65768051100008,-0.86968559],[37.65844345100004,-0.871099590999961],[37.65998840300006,-0.871558904999972],[37.660339355000076,-0.873734354999954],[37.66129684400005,-0.873214601999962],[37.66238403300008,-0.874495744999933],[37.664474487000064,-0.872719108999945],[37.66478729200003,-0.874374865999926],[37.665840149000076,-0.874133169999936],[37.66774749800004,-0.875220894999927],[37.66724014300007,-0.876949130999947],[37.66610717800006,-0.878036856999927],[37.66436386100003,-0.876876651999964],[37.66320419300007,-0.877178787999981],[37.66373825100004,-0.878411530999927],[37.662864685000045,-0.879958509999938],[37.661342621000074,-0.879910170999949],[37.659652710000046,-0.881445049999968],[37.65855026200006,-0.881662606999953],[37.659580231000064,-0.882665752999969],[37.660617828000056,-0.885119139999972],[37.66040039100005,-0.887149571999942],[37.661708832000045,-0.887955128999977],[37.661766052000075,-0.890655695999953],[37.66029357900004,-0.89112490399998],[37.658519745000035,-0.890873133999946],[37.65451431300005,-0.893505036999954],[37.65438842800006,-0.895988225999929],[37.654605865000065,-0.896663367999963],[37.65520095800008,-0.896629034999933],[37.65520095800008,-0.898070871999948],[37.65600204500004,-0.898608684999942],[37.655658722000055,-0.900222181999936],[37.65635681200007,-0.900634169999933],[37.65763855000006,-0.90397554599997],[37.657363892000035,-0.906115412999952],[37.65792465200008,-0.907557248999979],[37.657093048000036,-0.908929824999973],[37.656997681000064,-0.915350019999948],[37.659629822000056,-0.922696530999929],[37.66191482500005,-0.923474668999972],[37.66214370700004,-0.924252807999949],[37.66447830200008,-0.926037847999964],[37.665256500000055,-0.92768573799998],[37.66950225800008,-0.928933023999946],[37.67036056500007,-0.93191969399993],[37.669513702000074,-0.935615837999933],[37.67009735100004,-0.93574178199998],[37.671688080000024,-0.938476621999939],[37.67339325000006,-0.939769684999931],[37.67394256600005,-0.941394626999966],[37.67373657200005,-0.94340860799997],[37.675292969000054,-0.947951554999975],[37.67467498800005,-0.950160085999926],[37.67500686600005,-0.951556145999973],[37.68058013900003,-0.958593666999946],[37.68673706100003,-0.968374847999939],[37.69571304300007,-0.96825486399996],[37.70039367700008,-0.968769847999965],[37.706573486000025,-0.966331243999946],[37.71150589000007,-0.965200960999937],[37.71276474000007,-0.964360355999929],[37.714778900000056,-0.964473902999941],[37.71731185900006,-0.962143778999973],[37.719123840000066,-0.963877975999935],[37.72042083700006,-0.966868519999935],[37.72268295300006,-0.969670354999948],[37.72809600800008,-0.973971366999933],[37.73461914100005,-0.986777543999949],[37.73661041300005,-0.993728577999946],[37.73881912200005,-0.994089126999938],[37.74097061200007,-0.995691656999952],[37.754463196000074,-0.994170844999928],[37.75643539400005,-0.998304843999961],[37.75691223100006,-1.001693129999978],[37.75634002700008,-1.003237843999955],[37.74709320100004,-1.017169355999954],[37.745246887000064,-1.021042465999926],[37.744434357000046,-1.025855063999927],[37.74729156500007,-1.028712868999946],[37.747829437000064,-1.030439376999937],[37.746578217000035,-1.035440563999941],[37.74360275300006,-1.042644500999927],[37.74002838100006,-1.047466992999944],[37.739730835000046,-1.048717140999941],[37.740505219000056,-1.050027131999968],[37.742290497000056,-1.051217793999967],[37.74163818400007,-1.053956508999931],[37.74211120600006,-1.055980801999965],[37.74127960200008,-1.063720702999945],[37.73901748700007,-1.066935657999977],[37.73723220800008,-1.067888259999961],[37.73356246900005,-1.080048202999933],[37.595718384000065,-1.086824655999976],[37.59386444100005,-1.086110352999924],[37.561302185000045,-1.081458448999968],[37.56144332900004,-1.079195975999937],[37.562313080000024,-1.078582524999945],[37.56235122700008,-1.077071785999976],[37.56364059400005,-1.076513051999939],[37.56417083700006,-1.072850465999977],[37.56604385400004,-1.070266603999926],[37.56578064000007,-1.069112300999962],[37.56770706200007,-1.068296431999954],[37.568141937000064,-1.066456555999935],[37.569347382000046,-1.066109299999937],[37.568836212000065,-1.063852786999973],[37.56927108800005,-1.062264561999939],[37.570789337000065,-1.061006068999973],[37.57151031500007,-1.061084150999932],[37.57345581100003,-1.058272122999938],[37.574737549000076,-1.05755174199993],[37.57447814900007,-1.057013630999961],[37.57533645600006,-1.055807232999939],[37.575874329000044,-1.055755257999977],[37.575347900000054,-1.053897857999971],[37.57617187500006,-1.053351044999943],[37.576084137000066,-1.052214145999926],[37.57649993900003,-1.052049278999959],[37.57660293600003,-1.049914240999954],[37.576084137000066,-1.049254536999968],[37.57709121700003,-1.04720628299998],[37.57845306400003,-1.046633481999947],[37.57964325000006,-1.046919941999931],[37.58084487900004,-1.045023560999937],[37.58124542200005,-1.041827320999971],[37.580699921000075,-1.04059469699996],[37.58111572300004,-1.038969397999949],[37.582069397000055,-1.037916659999951],[37.581329346000075,-1.03596770799993],[37.582420349000074,-1.034367799999927],[37.58415222200006,-1.034149646999936],[37.58482360800008,-1.031330823999952],[37.583663940000065,-1.027835726999967],[37.58176803600003,-1.028069376999952],[37.580005646000075,-1.026937245999932],[37.581184387000064,-1.025742291999961],[37.58203887900004,-1.023505210999929],[37.581111908000025,-1.023388385999965],[37.580314636000026,-1.022022723999953],[37.57868576000004,-1.022103547999961],[37.578155518000074,-1.019490122999969],[37.57708358800005,-1.019504308999956],[37.575325012000064,-1.018145799999957],[37.57352066000004,-1.018095492999976],[37.57081604000007,-1.014997601999937],[37.57052993800005,-1.013028263999956],[37.56851577800006,-1.013020991999952],[37.56766128500004,-1.012481927999943],[37.57003784200003,-1.007175802999939],[37.57004547100007,-1.004699587999937],[37.57063674900007,-1.003479957999957],[37.56998443600003,-1.003336071999968],[37.569450378000056,-1.00195550899997],[37.56816482500005,-1.00181996799995],[37.56780624400005,-1.000761270999931],[37.56587600700004,-1.00045645199998],[37.564537048000034,-0.996916233999968],[37.56577682500006,-0.993797480999945],[37.56407928500005,-0.992871045999948],[37.56365585300006,-0.991097509999975],[37.562850952000076,-0.990568100999951],[37.56296920800003,-0.989747523999938],[37.56425476100003,-0.989032864999956],[37.56353759800004,-0.987881361999939],[37.56388092000003,-0.985684394999964],[37.56283569300007,-0.985207914999933],[37.56082534800004,-0.979053556999929],[37.561805725000056,-0.978021263999949],[37.56224060100004,-0.975718378999943],[37.560760498000036,-0.973362504999955],[37.56142044100005,-0.971297800999935],[37.55786132800006,-0.970371365999938],[37.55849456800007,-0.967684626999926],[37.556854248000036,-0.965871452999977],[37.55516052200005,-0.967419921999976],[37.554630280000026,-0.966017007999938],[37.551559448000035,-0.966215610999939],[37.55153274500003,-0.965672909999967],[37.55307006800007,-0.964944958999979],[37.55385208100006,-0.963197946999969],[37.54966735800008,-0.963145017999977],[37.54868698100006,-0.962536215999933],[37.54850387600004,-0.961318611999957],[37.549232483000026,-0.96053767199993],[37.547485352000024,-0.959703862999959],[37.54843902600004,-0.957764923999946],[37.54778671300005,-0.956864952999979],[37.54591751100003,-0.956194400999948],[37.54478836100003,-0.953953206999927],[37.54538726800007,-0.951323866999928],[37.54722213700006,-0.951800286999969],[37.547981262000064,-0.950794457999962],[37.547733307000044,-0.950282692999963],[37.54616165200008,-0.950035631999924],[37.54404449500004,-0.948165058999962],[37.54614639300007,-0.944759249999947],[37.54432678200004,-0.944035708999934],[37.54351425200008,-0.945182799999941],[37.54270553600003,-0.945182799999941],[37.541469574000075,-0.943012237999938],[37.54141616800007,-0.941512166999928],[37.539211273000035,-0.941247522999959],[37.54048156700003,-0.940135776999966],[37.540534973000035,-0.937841712999955],[37.53843307500006,-0.937594651999973],[37.53794097900004,-0.936447619999967],[37.53894424400005,-0.935088812999936],[37.53926467900004,-0.936059414999932],[37.541133881000064,-0.935706436999965],[37.54231643700007,-0.936782896999944],[37.54304122900004,-0.936641752999947],[37.54351425200008,-0.935512363999976],[37.542846680000025,-0.934894680999946],[37.54268646200006,-0.933059453999931],[37.543781281000065,-0.933165311999971],[37.54496383700007,-0.931294738999952],[37.54341125500008,-0.931065320999949],[37.54217529300007,-0.929971217999935],[37.542545319000055,-0.928559481999969],[37.54369354200003,-0.929724215999954],[37.544273376000035,-0.928612410999961],[37.54325103800005,-0.923883079999939],[37.543621063000046,-0.922065495999959],[37.54293441800007,-0.92105960799995],[37.541522980000025,-0.92068904599995],[37.541557312000066,-0.91943615699995],[37.54065704300007,-0.918271421999975],[37.53837966900005,-0.918783187999964],[37.537673950000055,-0.917300879999971],[37.53530883800005,-0.917336165999927],[37.534038544000055,-0.918289064999954],[37.532962799000074,-0.917159676999972],[37.533439636000026,-0.914653837999936],[37.53465652500006,-0.913647949999927],[37.53322982800006,-0.911219894999931],[37.533439636000026,-0.909461557999975],[37.53538894700006,-0.907244502999959],[37.535465240000065,-0.90632712799993],[37.533439636000026,-0.900994777999927],[37.533306122000056,-0.897764801999926],[37.53221511800007,-0.895605086999979],[37.53516006500007,-0.892929374999937],[37.53720474200003,-0.888724624999952],[37.54278564500004,-0.886985420999963],[37.54534530600006,-0.882665991999943],[37.54693222000003,-0.882245540999975],[37.54893875100004,-0.884252428999957],[37.55086898800005,-0.884386181999957],[37.55329513500004,-0.880448996999974],[37.55612564100005,-0.878824412999961],[37.55799865700004,-0.875670849999949],[37.558933258000025,-0.875078379999934],[37.56141662600004,-0.875424086999942],[37.56266784700006,-0.878718852999953],[37.564659119000055,-0.880778073999977],[37.565639496000074,-0.880623697999965],[37.567832947000056,-0.87892478699996],[37.57052993800005,-0.87868458],[37.57492065400004,-0.876814066999941],[37.58147811900005,-0.877981066999951],[37.587242126000035,-0.878186881999966],[37.587928772000055,-0.877054333999979],[37.58823776200006,-0.872867166999924],[37.59038162200005,-0.872060656999963],[37.591396332000045,-0.870910882999965],[37.59112167400008,-0.869417905999967],[37.590072632000044,-0.868010758999958],[37.586853027000075,-0.86630135799993],[37.58722686800007,-0.864887535999969],[37.589061737000065,-0.862742483999966],[37.59239196800007,-0.861249565999969],[37.596115112000064,-0.860614597999927],[37.59796905500008,-0.860992133999957],[37.599838257000044,-0.862639545999969],[37.60078430200008,-0.862673878999942],[37.602413177000074,-0.861627101999943],[37.60365295400004,-0.856381892999934],[37.604885101000036,-0.855071782999971],[37.606719971000075,-0.85481441],[37.610443115000066,-0.85550081699995],[37.61470031700003,-0.855191826999942],[37.61619186400003,-0.854642748999936],[37.61665725700004,-0.852257489999943],[37.61785888700007,-0.851485251999975],[37.62626647900004,-0.851828515999955],[37.62789535500008,-0.849666237999941],[37.627620697000054,-0.845118700999933],[37.62853241000005,-0.839181243999974],[37.62968063400007,-0.838477611999963],[37.63333511400003,-0.838546335999979],[37.63353779400006,-0.838552190999962]]]}},{"type":"Feature","properties":{"OBJECTID_1":348,"OBJECTID":935,"COUNTY_NAM":"MACHAKOS","CONST_CODE":75,"CONSTITUEN":"MASINGA","COUNTY_ASS":373,"COUNTY_A_1":"EKALAKALA","COUNTY_COD":16,"Shape_Leng":0.76722235805,"Shape_Le_1":0.76722235805,"Shape_Area":0.01363845764,"county_name":"MACHAKOS","ward_name":"EKALAKALA","ward_code":373,"constituency_name":"MASINGA","constituency_code":75,"source_file":"ward_373.geojson"},"geometry":{"type":"Polygon","coordinates":[[[37.47957992600004,-0.892700015999935],[37.48324966400003,-0.893024920999949],[37.484455109000066,-0.89669448099994],[37.485275269000056,-0.897516309999958],[37.48884964000007,-0.89808970699994],[37.49119949300007,-0.899083554999947],[37.49513626100003,-0.902447282999958],[37.49655151400003,-0.902619301999948],[37.49951553300008,-0.900325834999933],[37.50260925300006,-0.898949741999957],[37.50469207800006,-0.899293779999937],[37.508266449000075,-0.90122419599993],[37.51193618800005,-0.90101391099995],[37.515033722000055,-0.901950358999954],[37.51575851400003,-0.903154491999942],[37.51535797100007,-0.905677318999949],[37.51635360700004,-0.908028125999977],[37.515796661000024,-0.91200351699996],[37.516334534000066,-0.914029418999974],[37.51782226600005,-0.915787755999929],[37.520557404000044,-0.915864169999963],[37.524932861000025,-0.91427779199995],[37.52986526500007,-0.913455962999933],[37.53322982800006,-0.911219894999931],[37.53465652500006,-0.913647949999927],[37.533439636000026,-0.914653837999936],[37.53290939300007,-0.916965543999936],[37.534038544000055,-0.918289064999954],[37.53530883800005,-0.917336165999927],[37.537673950000055,-0.917300879999971],[37.53837966900005,-0.918783187999964],[37.54065704300007,-0.918271421999975],[37.541557312000066,-0.91943615699995],[37.541522980000025,-0.92068904599995],[37.54293441800007,-0.92105960799995],[37.543621063000046,-0.922065495999959],[37.54325103800005,-0.923883079999939],[37.544273376000035,-0.928612410999961],[37.54369354200003,-0.929724215999954],[37.542545319000055,-0.928559481999969],[37.54217529300007,-0.929971217999935],[37.54341125500008,-0.931065320999949],[37.54496383700007,-0.931294738999952],[37.543781281000065,-0.933165311999971],[37.54268646200006,-0.933059453999931],[37.542846680000025,-0.934894680999946],[37.54351425200008,-0.935512363999976],[37.54304122900004,-0.936641752999947],[37.54231643700007,-0.936782896999944],[37.541133881000064,-0.935706436999965],[37.53926467900004,-0.936059414999932],[37.53894424400005,-0.935088812999936],[37.53794097900004,-0.936447619999967],[37.53843307500006,-0.937594651999973],[37.540534973000035,-0.937841712999955],[37.54048156700003,-0.940135776999966],[37.539211273000035,-0.941247522999959],[37.54141616800007,-0.941512166999928],[37.541469574000075,-0.943012237999938],[37.54270553600003,-0.945182799999941],[37.54351425200008,-0.945182799999941],[37.54432678200004,-0.944035708999934],[37.54614639300007,-0.944759249999947],[37.54404449500004,-0.948165058999962],[37.54616165200008,-0.950035631999924],[37.547733307000044,-0.950282692999963],[37.547981262000064,-0.950794457999962],[37.54722213700006,-0.951800286999969],[37.54538726800007,-0.951323866999928],[37.54478836100003,-0.953953206999927],[37.54591751100003,-0.956194400999948],[37.54778671300005,-0.956864952999979],[37.54843902600004,-0.957764923999946],[37.547485352000024,-0.959703862999959],[37.549232483000026,-0.96053767199993],[37.54850387600004,-0.961318611999957],[37.54868698100006,-0.962536215999933],[37.54966735800008,-0.963145017999977],[37.55385208100006,-0.963197946999969],[37.55307006800007,-0.964944958999979],[37.55153274500003,-0.965672909999967],[37.551559448000035,-0.966215610999939],[37.554630280000026,-0.966017007999938],[37.55516052200005,-0.967419921999976],[37.556854248000036,-0.965871452999977],[37.55849456800007,-0.967684626999926],[37.55786132800006,-0.970371365999938],[37.56142044100005,-0.971297800999935],[37.560760498000036,-0.973362504999955],[37.56224060100004,-0.975718378999943],[37.561805725000056,-0.978021263999949],[37.56082534800004,-0.979053556999929],[37.56283569300007,-0.985207914999933],[37.56388092000003,-0.985684394999964],[37.56353759800004,-0.987881361999939],[37.56425476100003,-0.989032864999956],[37.56296920800003,-0.989747523999938],[37.562850952000076,-0.990568100999951],[37.56365585300006,-0.991097509999975],[37.56407928500005,-0.992871045999948],[37.56577682500006,-0.993797480999945],[37.564537048000034,-0.996916233999968],[37.56587600700004,-1.00045645199998],[37.56780624400005,-1.000761270999931],[37.56816482500005,-1.00181996799995],[37.569450378000056,-1.00195550899997],[37.56998443600003,-1.003336071999968],[37.57063674900007,-1.003479957999957],[37.57004547100007,-1.004699587999937],[37.57003784200003,-1.007175802999939],[37.56766128500004,-1.012481927999943],[37.56851577800006,-1.013020991999952],[37.57052993800005,-1.013028263999956],[37.57081604000007,-1.014997601999937],[37.57352066000004,-1.018095492999976],[37.575325012000064,-1.018145799999957],[37.57708358800005,-1.019504308999956],[37.578155518000074,-1.019490122999969],[37.57868576000004,-1.022103547999961],[37.580314636000026,-1.022022723999953],[37.581111908000025,-1.023388385999965],[37.58203887900004,-1.023505210999929],[37.581184387000064,-1.025742291999961],[37.580005646000075,-1.026937245999932],[37.58176803600003,-1.028069376999952],[37.583663940000065,-1.027835726999967],[37.58482360800008,-1.031330823999952],[37.58415222200006,-1.034149646999936],[37.582420349000074,-1.034367799999927],[37.581329346000075,-1.03596770799993],[37.582069397000055,-1.037916659999951],[37.58111572300004,-1.038969397999949],[37.580699921000075,-1.04059469699996],[37.58124542200005,-1.041827320999971],[37.58084487900004,-1.045023560999937],[37.57964325000006,-1.046919941999931],[37.57845306400003,-1.046633481999947],[37.57709121700003,-1.04720628299998],[37.576084137000066,-1.049254536999968],[37.57660293600003,-1.049914240999954],[37.57649993900003,-1.052049278999959],[37.576084137000066,-1.052214145999926],[37.57617187500006,-1.053351044999943],[37.575347900000054,-1.053897857999971],[37.575874329000044,-1.055755257999977],[37.57533645600006,-1.055807232999939],[37.57447814900007,-1.057013630999961],[37.574737549000076,-1.05755174199993],[37.57345581100003,-1.058272122999938],[37.57151031500007,-1.061084150999932],[37.570789337000065,-1.061006068999973],[37.56927108800005,-1.062264561999939],[37.568836212000065,-1.063852786999973],[37.569347382000046,-1.066109299999937],[37.568141937000064,-1.066456555999935],[37.56770706200007,-1.068296431999954],[37.56578064000007,-1.069112300999962],[37.56604385400004,-1.070266603999926],[37.56417083700006,-1.072850465999977],[37.56364059400005,-1.076513051999939],[37.56235122700008,-1.077071785999976],[37.562313080000024,-1.078582524999945],[37.56144332900004,-1.079195975999937],[37.561302185000045,-1.081458448999968],[37.526393890000065,-1.076421975999949],[37.519882202000076,-1.065867781999941],[37.520286560000045,-1.056634902999974],[37.51256561300005,-1.042136787999937],[37.54306411700003,-0.993796705999955],[37.50422668500005,-0.989870130999975],[37.49996185300006,-0.988518714999941],[37.47277832000003,-0.986078261999978],[37.470348358000024,-0.997152089999929],[37.44956207300004,-1.001637577999929],[37.44863891600005,-1.000985145999948],[37.44651794400005,-1.000916122999968],[37.44804763800005,-0.996712386999945],[37.44398880000006,-0.99581509799998],[37.44425201400003,-0.994528948999971],[37.443477631000064,-0.992827236999972],[37.444297791000054,-0.99083989899998],[37.44228363000008,-0.989871024999957],[37.44229507400007,-0.988467454999977],[37.43889236500007,-0.981138944999941],[37.438781738000046,-0.979437291999943],[37.43930435200008,-0.978369056999952],[37.43872070300006,-0.975847601999931],[37.439403534000064,-0.973065196999926],[37.43868255600006,-0.97224545499995],[37.437179565000065,-0.972357212999952],[37.436580658000025,-0.96983569899993],[37.43501663200004,-0.968531488999929],[37.43542861900005,-0.967190026999958],[37.438247681000064,-0.96730178599995],[37.44044494600007,-0.964693366999938],[37.44024658200004,-0.962693571999978],[37.43843460100004,-0.960768222999945],[37.439723969000056,-0.959687649999978],[37.44119262700008,-0.959613143999945],[37.44166183500005,-0.958544969999934],[37.43921661400003,-0.957675396999946],[37.43881988500004,-0.955414771999926],[37.43724060100004,-0.95408570799998],[37.436309814000026,-0.952148079999972],[37.437427521000075,-0.950409054999966],[37.43623352100008,-0.949253856999974],[37.436382294000055,-0.948620378999976],[37.43822097800006,-0.947564601999943],[37.43845748900003,-0.946372150999935],[37.43698120100004,-0.944136380999964],[37.437202454000044,-0.941788792999944],[37.43795013400006,-0.94084477399997],[37.43980026200006,-0.942484318999959],[37.44062042200005,-0.941937803999963],[37.440208435000045,-0.940012514999978],[37.44092941300005,-0.937863707999952],[37.440456390000065,-0.935776948999944],[37.440940857000044,-0.934584497999936],[37.44068908700007,-0.933075487999929],[37.438926697000056,-0.931211411999925],[37.44017028800005,-0.930070161999936],[37.44024658200004,-0.927280485999972],[37.44486236600005,-0.924363910999944],[37.44490051300005,-0.923755228999937],[37.44345474200003,-0.922106801999973],[37.444458008000026,-0.920052587999976],[37.449337006000064,-0.921092390999945],[37.45110321000004,-0.920445680999933],[37.45335769700006,-0.915069162999941],[37.45602035500008,-0.912431597999955],[37.45709991500007,-0.910313963999954],[37.45836639400005,-0.910034954999958],[37.45692062400008,-0.907486199999937],[37.45895004300007,-0.906370222999954],[37.459571838000045,-0.905152976999943],[37.45661926300005,-0.902443170999959],[37.45680236800007,-0.901550530999941],[37.458019257000046,-0.901844620999952],[37.460807800000055,-0.901256262999937],[37.461986542000034,-0.900089621999939],[37.46368789700006,-0.899430274999929],[37.466102600000056,-0.899521529999959],[37.46971511800007,-0.897857903999977],[37.472503662000065,-0.898375212999952],[37.47574234000007,-0.896863698999937],[37.478328705000024,-0.894662379999943],[37.477443695000034,-0.89298856299996],[37.47795105000006,-0.892288624999935],[37.47877883900003,-0.892470597999932],[37.47957992600004,-0.892700015999935]]]}},{"type":"Feature","properties":{"OBJECTID_1":333,"OBJECTID":816,"COUNTY_NAM":"MACHAKOS","CONST_CODE":75,"CONSTITUEN":"MASINGA","COUNTY_ASS":374,"COUNTY_A_1":"MUTHESYA","COUNTY_COD":16,"Shape_Leng":0.49945696546,"Shape_Le_1":0.49945696546,"Shape_Area":0.00778891263,"county_name":"MACHAKOS","ward_name":"MUTHESYA","ward_code":374,"constituency_name":"MASINGA","constituency_code":75,"source_file":"ward_374.geojson"},"geometry":{"type":"Polygon","coordinates":[[[37.444957733000024,-0.901665210999965],[37.446170807000044,-0.901684343999932],[37.45101547200005,-0.905133604999946],[37.451656342000035,-0.906920372999934],[37.45312881500007,-0.906748353999944],[37.45457077000003,-0.907484054999941],[37.45603179900007,-0.90686309299997],[37.456214905000024,-0.906298577999962],[37.456855774000076,-0.906497120999973],[37.456974030000026,-0.908208965999961],[37.45849227900004,-0.909679948999951],[37.45709991500007,-0.910313963999954],[37.45602035500008,-0.912431597999955],[37.45335769700006,-0.915069162999941],[37.45110321000004,-0.920445680999933],[37.449337006000064,-0.921092390999945],[37.444458008000026,-0.920052587999976],[37.44345474200003,-0.922106801999973],[37.44490051300005,-0.923755228999937],[37.44486236600005,-0.924363910999944],[37.44024658200004,-0.927280485999972],[37.44017028800005,-0.930070161999936],[37.438926697000056,-0.931211411999925],[37.44068908700007,-0.933075487999929],[37.440940857000044,-0.934584497999936],[37.440456390000065,-0.935776948999944],[37.44092941300005,-0.937863707999952],[37.440208435000045,-0.940012514999978],[37.44062042200005,-0.941937803999963],[37.43980026200006,-0.942484318999959],[37.43795013400006,-0.94084477399997],[37.437202454000044,-0.941788792999944],[37.43698120100004,-0.944136380999964],[37.43845748900003,-0.946372150999935],[37.43822097800006,-0.947564601999943],[37.436382294000055,-0.948620378999976],[37.43623352100008,-0.949253856999974],[37.437427521000075,-0.950409054999966],[37.436309814000026,-0.952148079999972],[37.43724060100004,-0.95408570799998],[37.43881988500004,-0.955414771999926],[37.43921661400003,-0.957675396999946],[37.44166183500005,-0.958544969999934],[37.44119262700008,-0.959613143999945],[37.439723969000056,-0.959687649999978],[37.43843460100004,-0.960768222999945],[37.44024658200004,-0.962693571999978],[37.44044494600007,-0.964693366999938],[37.438247681000064,-0.96730178599995],[37.43542861900005,-0.967190026999958],[37.43501663200004,-0.968531488999929],[37.436580658000025,-0.96983569899993],[37.437179565000065,-0.972357212999952],[37.43868255600006,-0.97224545499995],[37.439403534000064,-0.973065196999926],[37.43872070300006,-0.975847601999931],[37.43930435200008,-0.978369056999952],[37.438781738000046,-0.979437291999943],[37.43889236500007,-0.981138944999941],[37.44229507400007,-0.988467454999977],[37.44228363000008,-0.989871024999957],[37.444297791000054,-0.99083989899998],[37.443477631000064,-0.992827236999972],[37.44425201400003,-0.994528948999971],[37.44398880000006,-0.99581509799998],[37.44804763800005,-0.996712386999945],[37.44651794400005,-1.000916122999968],[37.451744080000026,-1.001586913999972],[37.452487946000076,-1.002647995999951],[37.45201110800008,-1.004929303999973],[37.44659805300006,-1.007767796999929],[37.44673156700003,-1.009359478999954],[37.447685242000034,-1.010496258999979],[37.420677185000045,-1.033319830999972],[37.40605545000005,-1.012048482999944],[37.36251831100003,-0.987731039999971],[37.33826065100004,-0.985256075999928],[37.33288574200003,-0.976380824999978],[37.34628677400008,-0.976611077999962],[37.36671829200003,-0.96407520799994],[37.360385895000036,-0.956638872999974],[37.354583740000066,-0.947410582999964],[37.36121749900008,-0.939028381999947],[37.373149872000056,-0.947873115999926],[37.38603591900005,-0.93090611699995],[37.38878250100004,-0.927906155999949],[37.394298553000056,-0.92350500799995],[37.396457672000054,-0.919382333999977],[37.40172576900005,-0.913466214999971],[37.40220642100007,-0.911765634999938],[37.40169143700007,-0.90848481699993],[37.417083740000066,-0.908330141999954],[37.42710113500004,-0.906288921999931],[37.43034362800006,-0.903951823999932],[37.43154525800003,-0.903689145999977],[37.43162918100006,-0.904655396999942],[37.43209838900003,-0.904771148999941],[37.433822632000044,-0.902803003999963],[37.43519592300004,-0.90341746799993],[37.44217681900005,-0.901415764999967],[37.44417572000003,-0.901569663999965],[37.444957733000024,-0.901665210999965]]]}},{"type":"Feature","properties":{"OBJECTID_1":344,"OBJECTID":875,"COUNTY_NAM":"MACHAKOS","CONST_CODE":75,"CONSTITUEN":"MASINGA","COUNTY_ASS":375,"COUNTY_A_1":"NDITHINI","COUNTY_COD":16,"Shape_Leng":0.83439505277,"Shape_Le_1":0.83439505277,"Shape_Area":0.01783297958,"county_name":"MACHAKOS","ward_name":"NDITHINI","ward_code":375,"constituency_name":"MASINGA","constituency_code":75,"source_file":"ward_375.geojson"},"geometry":{"type":"Polygon","coordinates":[[[37.28786087000003,-0.782806753999978],[37.28871536300005,-0.785066246999975],[37.291038513000046,-0.787215291999928],[37.29387283300008,-0.791867553999964],[37.29887008700007,-0.793383955999957],[37.300132751000035,-0.794854878999956],[37.30085372900004,-0.797440826999946],[37.303722382000046,-0.797842263999939],[37.306343079000044,-0.80065250399997],[37.30655670200008,-0.802152096999976],[37.304771423000034,-0.80461990799995],[37.30599975600006,-0.806273042999976],[37.305149078000056,-0.811799048999944],[37.30664825400004,-0.812779008999939],[37.31034469600007,-0.813770949999935],[37.311256409000066,-0.815742849999936],[37.313167572000054,-0.817029892999926],[37.31321334800003,-0.818966388999968],[37.31232833900003,-0.820997297999952],[37.314739227000075,-0.822284340999943],[37.31554031400003,-0.823382436999964],[37.31614303600003,-0.827264308999929],[37.31986999500003,-0.834501921999959],[37.32082366900005,-0.834819614999958],[37.32449722300004,-0.833272695999938],[37.326251984000066,-0.833811342999979],[37.32615661600005,-0.835772692999967],[37.32402801500007,-0.836905300999945],[37.323516846000075,-0.838314175999926],[37.32727432300004,-0.841656743999977],[37.32965087900004,-0.842457830999933],[37.33408355700004,-0.842181622999931],[37.33676147500006,-0.844861149999929],[37.33851623500004,-0.843963384999938],[37.33946991000005,-0.842140137999934],[37.34328079200003,-0.840399801999979],[37.344123840000066,-0.840565561999938],[37.34661102300004,-0.842872201999967],[37.34930038500005,-0.840705096999955],[37.34991073600003,-0.840731322999943],[37.350547791000054,-0.841325222999956],[37.35027313200004,-0.843134641999939],[37.351016998000034,-0.843977152999969],[37.35434722900004,-0.842250585999977],[37.357772827000076,-0.841905354999938],[37.36190414400005,-0.843330323999965],[37.36381912200005,-0.842925130999959],[37.37041091900005,-0.847455560999947],[37.37520217900004,-0.847916006999981],[37.376895905000026,-0.84879994399995],[37.37761306800007,-0.850089132999926],[37.37617492700008,-0.851893901999972],[37.376472473000035,-0.853164612999933],[37.37722778300008,-0.854195951999941],[37.380100250000055,-0.855706095999949],[37.381130219000056,-0.855521916999976],[37.384151459000066,-0.851230918999931],[37.385681152000075,-0.850089132999926],[37.38695144700006,-0.850844203999941],[37.38840484600007,-0.852980493999951],[37.39105606100003,-0.853496133999954],[37.393985748000034,-0.852722644999972],[37.397869110000045,-0.854601084999956],[37.39937973000008,-0.853882848999945],[37.40370941200007,-0.849849640999935],[37.407611847000055,-0.849149882999939],[37.40943527200005,-0.848192214999926],[37.412528992000034,-0.848431646999927],[37.41485214200003,-0.851764976999959],[37.41470336900005,-0.852556883999966],[37.412090302000024,-0.854748427999937],[37.411056519000056,-0.857013642999959],[37.41147995000006,-0.858505367999953],[37.41321182300004,-0.859757661999936],[37.41875457800006,-0.86003392899994],[37.42164611800007,-0.861267923999947],[37.42544174200003,-0.864324926999927],[37.42694854700005,-0.864840566999931],[37.42875671400003,-0.864251255999932],[37.43026351900005,-0.861967622999941],[37.43245697000003,-0.86051273299995],[37.43492507900004,-0.860531210999966],[37.43768692000003,-0.86152565499998],[37.43993377700008,-0.860881089999964],[37.44289779700006,-0.861083745999963],[37.44378280600006,-0.861580907999951],[37.445072174000074,-0.866516470999954],[37.44717025800003,-0.868965923999951],[37.44974899300007,-0.868597506999947],[37.45367431600005,-0.870310127999971],[37.45853424100005,-0.868929028999958],[37.462219238000046,-0.87397509799996],[37.46389007600004,-0.873453855999969],[37.46492004400005,-0.871963083999958],[37.46731185900006,-0.871466218999956],[37.470157623000034,-0.874600588999954],[37.47210693400007,-0.874791681999966],[37.47405624400005,-0.87414193199993],[37.47466659500003,-0.875537096999949],[37.47331237800006,-0.881003260999933],[37.47197341900005,-0.882570445999932],[37.47153472900004,-0.88400387799993],[37.47250747700008,-0.885666667999942],[37.475986481000064,-0.887405871999931],[37.47636795000005,-0.890349208999965],[37.47822189300007,-0.892203092999978],[37.477443695000034,-0.89298856299996],[37.47843933100006,-0.894489943999929],[37.47574234000007,-0.896863698999937],[37.472503662000065,-0.898375212999952],[37.46971511800007,-0.897857903999977],[37.466102600000056,-0.899521529999959],[37.46368789700006,-0.899430274999929],[37.461986542000034,-0.900089621999939],[37.460807800000055,-0.901256262999937],[37.458019257000046,-0.901844620999952],[37.45680236800007,-0.901550530999941],[37.45661926300005,-0.902443170999959],[37.459571838000045,-0.905152976999943],[37.45895004300007,-0.906370222999954],[37.45722580000006,-0.907143175999977],[37.456214905000024,-0.906298577999962],[37.45603179900007,-0.90686309299997],[37.45457077000003,-0.907484054999941],[37.45312881500007,-0.906748353999944],[37.451656342000035,-0.906920372999934],[37.45101547200005,-0.905133604999946],[37.446170807000044,-0.901684343999932],[37.44217681900005,-0.901415764999967],[37.43519592300004,-0.90341746799993],[37.433822632000044,-0.902803003999963],[37.43209838900003,-0.904771148999941],[37.43162918100006,-0.904655396999942],[37.43154525800003,-0.903689145999977],[37.43034362800006,-0.903951823999932],[37.42710113500004,-0.906288921999931],[37.417083740000066,-0.908330141999954],[37.40169143700007,-0.90848481699993],[37.40220642100007,-0.911765634999938],[37.40172576900005,-0.913466214999971],[37.396457672000054,-0.919382333999977],[37.394298553000056,-0.92350500799995],[37.38878250100004,-0.927906155999949],[37.38603591900005,-0.93090611699995],[37.373149872000056,-0.947873115999926],[37.36121749900008,-0.939028381999947],[37.34333801300005,-0.961600303999944],[37.34261322000003,-0.961738407999974],[37.34032440200008,-0.959666370999969],[37.33818054200003,-0.960011660999953],[37.33685684200003,-0.958538233999946],[37.335132599000076,-0.959666370999969],[37.33491134600007,-0.957824527999946],[37.33340454100005,-0.954946696999968],[37.33103179900007,-0.953691958999968],[37.329788208000025,-0.952103435999959],[37.32798385600006,-0.951723515999959],[37.32764816300005,-0.949639975999958],[37.32910919200003,-0.949755072999949],[37.330642700000055,-0.947809695999979],[37.32866287200005,-0.946722208999972],[37.32772064200003,-0.944442152999954],[37.31684875500008,-0.948025106999978],[37.31462097200006,-0.94006204599998],[37.32561111500007,-0.934070348999967],[37.324066162000065,-0.933033287999933],[37.324863434000065,-0.929724513999929],[37.324066162000065,-0.930316030999961],[37.32279968300003,-0.929518818999952],[37.32239532500006,-0.928250193999929],[37.32110214200003,-0.927710175999948],[37.318668365000065,-0.92513865199993],[37.31869125400004,-0.923081457999956],[37.31748580900006,-0.922370016999935],[37.319728851000036,-0.919695972999932],[37.300922394000054,-0.906814276999967],[37.282196045000035,-0.896759211999949],[37.25617218000008,-0.868049919999976],[37.25272369400005,-0.861156582999968],[37.24158477800006,-0.86150336299994],[37.24070358300003,-0.857783495999968],[37.22516250600006,-0.852088152999954],[37.233184814000026,-0.837108909999927],[37.25843811000004,-0.837366342999928],[37.26260757400007,-0.796311020999951],[37.26246261600005,-0.792496263999965],[37.263103485000045,-0.789922236999928],[37.26742935200008,-0.785218178999969],[37.27173233000008,-0.78529059899995],[37.276927948000036,-0.78229141199995],[37.281639099000074,-0.782775639999954],[37.283813477000024,-0.781087040999978],[37.285099030000026,-0.780957161999936],[37.287616730000025,-0.782515823999972],[37.28786087000003,-0.782806753999978]]]}},{"type":"Feature","properties":{"OBJECTID_1":327,"OBJECTID":777,"COUNTY_NAM":"MACHAKOS","CONST_CODE":76,"CONSTITUEN":"YATTA","COUNTY_ASS":376,"COUNTY_A_1":"NDALANI","COUNTY_COD":16,"Shape_Leng":0.60539611949,"Shape_Le_1":0.60539611949,"Shape_Area":0.01428650237,"county_name":"MACHAKOS","ward_name":"NDALANI","ward_code":376,"constituency_name":"YATTA","constituency_code":76,"source_file":"ward_376.geojson"},"geometry":{"type":"Polygon","coordinates":[[[37.49787902800006,-0.988558053999952],[37.500251770000034,-0.988558053999952],[37.50422668500005,-0.989870130999975],[37.51670455900006,-0.990959166999971],[37.52145385700004,-0.991930067999931],[37.52685928300008,-0.991903840999953],[37.53041839600007,-0.992835401999969],[37.53256988500004,-0.992533623999975],[37.54306411700003,-0.993796705999955],[37.51256561300005,-1.042136787999937],[37.520286560000045,-1.056634902999974],[37.519554138000046,-1.06792485699998],[37.51036071800007,-1.104961394999975],[37.49314117400007,-1.127709388999961],[37.484310150000056,-1.133334993999938],[37.47795105000006,-1.127564191999966],[37.46588516200006,-1.121588587999952],[37.46411895800003,-1.117006420999928],[37.46518707300004,-1.111208199999965],[37.46456527700008,-1.107797502999972],[37.46554184000007,-1.10597360099996],[37.46567535400004,-1.103956818999961],[37.464355469000054,-1.102622270999973],[37.46191024800004,-1.101406216999976],[37.45591735800008,-1.099671244999968],[37.452938080000024,-1.096570133999933],[37.44958496100003,-1.099369048999961],[37.44868087800006,-1.101425051999968],[37.44735336300005,-1.101425051999968],[37.44542694100005,-1.100520967999955],[37.444698334000066,-1.10281026399997],[37.44404220600006,-1.102052092999941],[37.44245147700008,-1.102547883999932],[37.44187164300007,-1.10461843],[37.440601349000076,-1.105187057999956],[37.43925857500005,-1.105653762999964],[37.437728882000044,-1.105172514999936],[37.43638610800008,-1.106441139999959],[37.43446350100004,-1.106426596999938],[37.433296204000044,-1.105449556999929],[37.43204116800007,-1.105376719999924],[37.431137085000046,-1.106368183999962],[37.429996490000065,-1.110560178999947],[37.42443084700005,-1.110494851999931],[37.42399215700004,-1.10966360599997],[37.42303085300006,-1.109590768999965],[37.422126770000034,-1.110903143999963],[37.42278289800004,-1.113119482999935],[37.421848297000054,-1.113469480999925],[37.42082977300004,-1.11304664599993],[37.420318604000045,-1.114840149999964],[37.41763687100007,-1.113352655999961],[37.41665649400005,-1.11430060899994],[37.41487884500003,-1.114810943999942],[37.41452789300007,-1.116167067999925],[37.413494110000045,-1.116881608999961],[37.41558075000006,-1.120322703999932],[37.41524505600006,-1.121912240999961],[37.41719818100006,-1.124026536999963],[37.41600036600005,-1.125761746999956],[37.41464614900008,-1.124857782999925],[37.412967682000044,-1.124974369999961],[37.409500122000054,-1.120045780999931],[37.40831756600005,-1.120410322999931],[37.40560531600005,-1.119593739999971],[37.40406036400003,-1.118048071999965],[37.40455627400007,-1.115948318999926],[37.40398788500005,-1.115219234999927],[37.401798248000034,-1.115700482999955],[37.39936447100007,-1.114140271999929],[37.398620605000076,-1.115204572999971],[37.39885330200008,-1.116429566999955],[37.39840316800007,-1.116473197999937],[37.39646148700007,-1.112200855999959],[37.39490127600004,-1.112025856999935],[37.393413544000055,-1.111048936999964],[37.39092254600007,-1.111880063999934],[37.38819503800005,-1.108992933999957],[37.38619613600008,-1.109240769999929],[37.38436126700003,-1.107709764999925],[37.38250732400007,-1.106995224999935],[37.383033752000074,-1.10351026099994],[37.38109207200006,-1.100564598999938],[37.38040924100005,-1.10046267499996],[37.377811432000044,-1.102095841999926],[37.37571334800003,-1.102460383999926],[37.37445831300005,-1.101789593999968],[37.37268066400003,-1.098610758999939],[37.37041854900008,-1.097852587999967],[37.36968994100005,-1.096802710999953],[37.36804199200003,-1.097108840999965],[37.364994049000074,-1.09556317299996],[37.36256408700007,-1.093482493999943],[37.38771438600003,-1.057304143999943],[37.42107391400003,-1.033910393999975],[37.420677185000045,-1.033319830999972],[37.447685242000034,-1.010496258999979],[37.44673156700003,-1.009359478999954],[37.44659805300006,-1.007767796999929],[37.45201110800008,-1.004929303999973],[37.452487946000076,-1.002250074999949],[37.45116043100006,-1.001613378999934],[37.470348358000024,-0.997152089999929],[37.47277832000003,-0.986078261999978],[37.49762361300003,-0.988528891999977],[37.49787902800006,-0.988558053999952]]]}},{"type":"Feature","properties":{"OBJECTID_1":338,"OBJECTID":833,"COUNTY_NAM":"MACHAKOS","CONST_CODE":76,"CONSTITUEN":"YATTA","COUNTY_ASS":377,"COUNTY_A_1":"MATUU","COUNTY_COD":16,"Shape_Leng":0.47158506188,"Shape_Le_1":0.47158506178,"Shape_Area":0.01036636046,"county_name":"MACHAKOS","ward_name":"MATUU","ward_code":377,"constituency_name":"YATTA","constituency_code":76,"source_file":"ward_377.geojson"},"geometry":{"type":"Polygon","coordinates":[[[37.597740173000034,-1.131163477999962],[37.600589752000076,-1.131138085999965],[37.603092194000055,-1.134112357999925],[37.60343551600005,-1.136016845999961],[37.60417938200004,-1.136851548999971],[37.603904724000074,-1.139909386999932],[37.605594635000045,-1.142322182999976],[37.60609817500006,-1.142458796999961],[37.60798263500004,-1.140621304999968],[37.60893249500003,-1.140886067999929],[37.61014175400004,-1.140291690999959],[37.61173629800004,-1.140786289999937],[37.61249160800003,-1.14218008499995],[37.61353683500005,-1.141775369999948],[37.61447906500007,-1.142719625999973],[37.61579513500004,-1.142966865999938],[37.61617660500008,-1.142551063999974],[37.616954803000056,-1.14327037299995],[37.61774063100006,-1.142618417999927],[37.61848068200004,-1.143540143999928],[37.62076187100007,-1.144192099999941],[37.62168502800006,-1.146046876999947],[37.62429428100006,-1.147193312999946],[37.62445068400007,-1.148418545999959],[37.62632751500007,-1.14995849099995],[37.626113892000035,-1.152004360999968],[37.62828445400004,-1.153578042999925],[37.61746215800008,-1.161694645999944],[37.61774063100006,-1.163904427999967],[37.61370468100006,-1.164528369999971],[37.603866577000076,-1.171953796999958],[37.598457336000024,-1.174250721999954],[37.59659194900007,-1.176134705999971],[37.59542846700003,-1.178470611999956],[37.55613327000003,-1.208613395999976],[37.54125976600005,-1.190537929999948],[37.54063034100005,-1.18755936599996],[37.53807449300007,-1.186928629999954],[37.53157424900007,-1.179301857999974],[37.53097152700008,-1.179021954999939],[37.52281951900005,-1.180859684999973],[37.52128982500005,-1.183079838999959],[37.515415192000034,-1.178167104999943],[37.51322174100005,-1.175133704999951],[37.51322937000003,-1.171607851999966],[37.51378631600005,-1.170578002999946],[37.51359176600005,-1.169705867999937],[37.518253326000035,-1.162991046999935],[37.518421173000036,-1.159658908999973],[37.515647888000046,-1.157592415999943],[37.51292800900006,-1.157277702999977],[37.50971221900005,-1.157886385999973],[37.50547027600004,-1.155714749999959],[37.50278472900004,-1.153463005999925],[37.50032806400003,-1.149199604999978],[37.49921035800003,-1.148612498999967],[37.498756409000066,-1.146508693999977],[37.49776077300004,-1.145273327999973],[37.49790954600007,-1.143641471999956],[37.49731826800007,-1.143383383999947],[37.498268127000074,-1.13964951],[37.499080658000025,-1.139326810999933],[37.50006485000006,-1.136975764999932],[37.50116348300003,-1.13605403899993],[37.50115585300006,-1.13427472099994],[37.50181961100003,-1.133859753999957],[37.501728058000026,-1.131228804999978],[37.502223969000056,-1.130372285999954],[37.50355911300005,-1.129943966999974],[37.50350189200003,-1.128544806999969],[37.50587081900005,-1.126441359999944],[37.506534576000035,-1.12384295499993],[37.507514954000044,-1.12352883799997],[37.50888824500004,-1.121958493999955],[37.508457184000065,-1.116009830999929],[37.50963974000007,-1.113344788999939],[37.50960159300007,-1.111289023999973],[37.507724762000066,-1.108366965999949],[37.51036071800007,-1.104961394999975],[37.519882202000076,-1.065867781999941],[37.526393890000065,-1.076421975999949],[37.59386444100005,-1.086110352999924],[37.595718384000065,-1.086824655999976],[37.59766387900004,-1.13037025899996],[37.597740173000034,-1.131163477999962]]]}},{"type":"Feature","properties":{"OBJECTID_1":335,"OBJECTID":821,"COUNTY_NAM":"MACHAKOS","CONST_CODE":76,"CONSTITUEN":"YATTA","COUNTY_ASS":378,"COUNTY_A_1":"KITHIMANI","COUNTY_COD":16,"Shape_Leng":0.76590067445,"Shape_Le_1":0.76590067445,"Shape_Area":0.01548893358,"county_name":"MACHAKOS","ward_name":"KITHIMANI","ward_code":378,"constituency_name":"YATTA","constituency_code":76,"source_file":"ward_378.geojson"},"geometry":{"type":"Polygon","coordinates":[[[37.36635208100006,-1.096146463999958],[37.36804199200003,-1.097108840999965],[37.36968994100005,-1.096802710999953],[37.37041854900008,-1.097852587999967],[37.37168884300007,-1.097940086999927],[37.37288284300007,-1.098800301999972],[37.37445831300005,-1.101789593999968],[37.37571334800003,-1.102460383999926],[37.377811432000044,-1.102095841999926],[37.38040924100005,-1.10046267499996],[37.38109207200006,-1.100564598999938],[37.383033752000074,-1.10351026099994],[37.38250732400007,-1.106995224999935],[37.38436126700003,-1.107709764999925],[37.38619613600008,-1.109240769999929],[37.38819503800005,-1.108992933999957],[37.39092254600007,-1.111880063999934],[37.393413544000055,-1.111048936999964],[37.39490127600004,-1.112025856999935],[37.39646148700007,-1.112200855999959],[37.39840316800007,-1.116473197999937],[37.39885330200008,-1.116429566999955],[37.398620605000076,-1.115204572999971],[37.39936447100007,-1.114140271999929],[37.401798248000034,-1.115700482999955],[37.40398788500005,-1.115219234999927],[37.40455627400007,-1.115948318999926],[37.40406036400003,-1.118048071999965],[37.40560531600005,-1.119593739999971],[37.40831756600005,-1.120410322999931],[37.409500122000054,-1.120045780999931],[37.412967682000044,-1.124974369999961],[37.41464614900008,-1.124857782999925],[37.41600036600005,-1.125761746999956],[37.41719818100006,-1.124026536999963],[37.41524505600006,-1.121912240999961],[37.41558075000006,-1.120322703999932],[37.413494110000045,-1.116881608999961],[37.41452789300007,-1.116167067999925],[37.41487884500003,-1.114810943999942],[37.41665649400005,-1.11430060899994],[37.41763687100007,-1.113352655999961],[37.420318604000045,-1.114840149999964],[37.42082977300004,-1.11304664599993],[37.421848297000054,-1.113469480999925],[37.42278289800004,-1.113119482999935],[37.422126770000034,-1.110903143999963],[37.42303085300006,-1.109590768999965],[37.42399215700004,-1.10966360599997],[37.42443084700005,-1.110494851999931],[37.429996490000065,-1.110560178999947],[37.431137085000046,-1.106368183999962],[37.43204116800007,-1.105376719999924],[37.433296204000044,-1.105449556999929],[37.43446350100004,-1.106426596999938],[37.43638610800008,-1.106441139999959],[37.437728882000044,-1.105172514999936],[37.43925857500005,-1.105653762999964],[37.440601349000076,-1.105187057999956],[37.44187164300007,-1.10461843],[37.44245147700008,-1.102547883999932],[37.44404220600006,-1.102052092999941],[37.444698334000066,-1.10281026399997],[37.44542694100005,-1.100520967999955],[37.44735336300005,-1.101425051999968],[37.44868087800006,-1.101425051999968],[37.44958496100003,-1.099369048999961],[37.452938080000024,-1.096570133999933],[37.45591735800008,-1.099671244999968],[37.46191024800004,-1.101406216999976],[37.464355469000054,-1.102622270999973],[37.46567535400004,-1.103956818999961],[37.46554184000007,-1.10597360099996],[37.46456527700008,-1.107797502999972],[37.46518707300004,-1.111208199999965],[37.46411895800003,-1.117006420999928],[37.46588516200006,-1.121588587999952],[37.47795105000006,-1.127564191999966],[37.484310150000056,-1.133334993999938],[37.49314117400007,-1.127709388999961],[37.507724762000066,-1.108366965999949],[37.50960159300007,-1.111289023999973],[37.50963974000007,-1.113344788999939],[37.508457184000065,-1.116009830999929],[37.50888824500004,-1.121958493999955],[37.507514954000044,-1.12352883799997],[37.506534576000035,-1.12384295499993],[37.50587081900005,-1.126441359999944],[37.50350189200003,-1.128544806999969],[37.50355911300005,-1.129943966999974],[37.502223969000056,-1.130372285999954],[37.50150299100005,-1.13220918199994],[37.50181961100003,-1.133859753999957],[37.50115585300006,-1.13427472099994],[37.50105285600006,-1.13631212699994],[37.50006485000006,-1.136975764999932],[37.499080658000025,-1.139326810999933],[37.49800872800006,-1.140202640999974],[37.49824142500006,-1.140884875999973],[37.49758529700006,-1.141567110999972],[37.49731826800007,-1.143383383999947],[37.49790954600007,-1.143641471999956],[37.49776077300004,-1.145273327999973],[37.498756409000066,-1.146508693999977],[37.49921035800003,-1.148612498999967],[37.50032806400003,-1.149199604999978],[37.50278472900004,-1.153463005999925],[37.50745010400004,-1.156903385999954],[37.50971221900005,-1.157886385999973],[37.51292800900006,-1.157277702999977],[37.515647888000046,-1.157592415999943],[37.518421173000036,-1.159658908999973],[37.518253326000035,-1.162991046999935],[37.51359176600005,-1.169705867999937],[37.51378631600005,-1.170578002999946],[37.51322937000003,-1.171607851999966],[37.51322174100005,-1.175133704999951],[37.515415192000034,-1.178167104999943],[37.52128982500005,-1.183079838999959],[37.52281951900005,-1.180859684999973],[37.53097152700008,-1.179021954999939],[37.53157424900007,-1.179301857999974],[37.53807449300007,-1.186928629999954],[37.54063034100005,-1.18755936599996],[37.54125976600005,-1.190537929999948],[37.55613327000003,-1.208613395999976],[37.53716659500003,-1.223194479999961],[37.49601745600006,-1.252175926999939],[37.48826599100005,-1.251569866999944],[37.487037659000066,-1.250985383999932],[37.48416137700008,-1.244780778999939],[37.480113983000024,-1.241783260999966],[37.479484558000024,-1.237691759999962],[37.47465896600005,-1.231202363999955],[37.47062683100006,-1.231427192999945],[37.467449188000046,-1.229988455999944],[37.46440506000005,-1.231157421999967],[37.461349487000064,-1.230812668999931],[37.45751190200008,-1.22612178299994],[37.45538330100004,-1.222539782999945],[37.45389938400007,-1.222270011999967],[37.451442719000056,-1.222899436999967],[37.45081329300007,-1.222509860999935],[37.451728821000074,-1.219407319999959],[37.45079803500005,-1.217114448999951],[37.44925308200004,-1.217399239999963],[37.448730469000054,-1.21793878099993],[37.448818207000045,-1.219377517999931],[37.44706726100003,-1.220906257999957],[37.44580841100003,-1.22107088599995],[37.437625885000045,-1.211704134999934],[37.43579483000008,-1.208781718999944],[37.43420791600005,-1.20786738399994],[37.431869507000044,-1.208077191999962],[37.43022155800003,-1.206998109999972],[37.42966461200007,-1.205919026999936],[37.43005752600004,-1.201437949999956],[37.43127059900007,-1.200358867999967],[37.43131637600004,-1.198335527999973],[37.43053436300005,-1.197810887999935],[37.428153992000034,-1.19827556599995],[37.427207947000056,-1.197945951999941],[37.426712036000026,-1.196911930999931],[37.426895142000035,-1.194933533999972],[37.42520141600005,-1.1935848],[37.42074966400003,-1.194064259999948],[37.41910171500007,-1.193135022999968],[37.41869735700004,-1.190871953999931],[37.42025375400004,-1.188294171999928],[37.41978836100003,-1.185626506999938],[37.41779708900003,-1.183408379999946],[37.41394424400005,-1.183917879999967],[37.41120147700008,-1.182314276999932],[37.411247253000056,-1.178447603999928],[37.40892410300006,-1.177113770999938],[37.40793609600007,-1.174775719999957],[37.407905579000044,-1.172992348999969],[37.40935897800006,-1.170504450999943],[37.409103394000056,-1.168990730999951],[37.406631470000036,-1.168705939999938],[37.40430831900005,-1.171075462999966],[37.40266418500005,-1.171806811999943],[37.400764465000066,-1.171276688999967],[37.398094177000075,-1.169133066999962],[37.39717102100008,-1.169216989999939],[37.39466857900004,-1.171267270999977],[37.39141845700004,-1.170272111999964],[37.390121460000046,-1.168653487999961],[37.387699127000076,-1.167298674999927],[37.38622665400004,-1.161627530999965],[37.38168335000006,-1.160536527999966],[37.38013458300003,-1.157575010999949],[37.37607955900006,-1.154555677999952],[37.37375259400005,-1.15132045699994],[37.36765289300007,-1.144388555999967],[37.366214752000076,-1.143687843999942],[37.36350631700003,-1.140146135999942],[37.363845825000055,-1.13813853299996],[37.365741730000025,-1.136055230999943],[37.36212539700006,-1.128384708999931],[37.360816956000065,-1.12806272499995],[37.356536865000066,-1.130202888999975],[37.35318374600007,-1.12887716299997],[37.35045623800005,-1.126812815999926],[37.34757995600006,-1.122835516999942],[37.34577941900005,-1.122380971999974],[37.34556961100003,-1.121036171999947],[37.342823029000044,-1.118100642999934],[37.342800140000065,-1.116445779999935],[37.36256408700007,-1.093482493999943],[37.36581039400005,-1.095738172999972],[37.36635208100006,-1.096146463999958]]]}},{"type":"Feature","properties":{"OBJECTID_1":325,"OBJECTID":771,"COUNTY_NAM":"MACHAKOS","CONST_CODE":76,"CONSTITUEN":"YATTA","COUNTY_ASS":379,"COUNTY_A_1":"IKOMBE","COUNTY_COD":16,"Shape_Leng":0.79357523769,"Shape_Le_1":0.79357523769,"Shape_Area":0.02670453883,"county_name":"MACHAKOS","ward_name":"IKOMBE","ward_code":379,"constituency_name":"YATTA","constituency_code":76,"source_file":"ward_379.geojson"},"geometry":{"type":"Polygon","coordinates":[[[37.63530349700005,-1.164145111999972],[37.63661956800007,-1.165155767999977],[37.638431549000074,-1.168504118999977],[37.64148712200006,-1.177068948999931],[37.64271545400004,-1.178088426999977],[37.643013,-1.18018817899997],[37.64390945400004,-1.181686758999945],[37.64381408700007,-1.18349909799997],[37.644992828000056,-1.18414390099997],[37.645637512000064,-1.186513781999963],[37.64738845800008,-1.188352226999939],[37.64748382600004,-1.191218733999961],[37.648483276000036,-1.19193327399995],[37.64818954500004,-1.192978739999944],[37.648921967000035,-1.193675755999948],[37.65012359600007,-1.197518228999968],[37.65107345600006,-1.198258876999944],[37.652214050000055,-1.198128103999977],[37.65352249100005,-1.19984459899996],[37.65482711800007,-1.20019304799996],[37.655769348000035,-1.201822399999969],[37.655410767000035,-1.204244613999947],[37.65610885600006,-1.20570838499998],[37.65668487500005,-1.205830335999963],[37.657779694000055,-1.207785725999941],[37.659801483000024,-1.209097742999973],[37.66013336200007,-1.210134505999974],[37.66153717000003,-1.21036982499993],[37.66157150300006,-1.211990355999944],[37.66254043600003,-1.212731003999977],[37.663661957000045,-1.215832828999965],[37.66461181600005,-1.216529845999958],[37.66677475000006,-1.216434001999971],[37.66697311400003,-1.217889070999945],[37.66522979700005,-1.218847512999957],[37.66737365700004,-1.220668434999936],[37.667575836000026,-1.221835970999962],[37.669002533000025,-1.222289084999943],[37.67015457200006,-1.224266886999942],[37.671451569000055,-1.224510907999957],[37.67196655300006,-1.225425719999976],[37.67159271200006,-1.226662992999934],[37.67288970900006,-1.22615766499996],[37.67544174200003,-1.229067801999975],[37.67561721800007,-1.23137664799998],[37.67704772900004,-1.231638073999932],[37.67707061800007,-1.232796906999965],[37.678115845000036,-1.233223795999948],[37.68439102200006,-1.234077691999971],[37.68616104100005,-1.236621856999932],[37.68627166700003,-1.237597703999938],[37.68763351400003,-1.238111733999972],[37.68855667100007,-1.239531993999947],[37.68861770600006,-1.240917324999941],[37.68965530400004,-1.241736411999966],[37.68803405800003,-1.245413183999972],[37.688583374000075,-1.246197342999949],[37.690254211000024,-1.246293186999935],[37.69088363600008,-1.246911882999939],[37.68921661400003,-1.247661113999925],[37.689052582000045,-1.248393058999966],[37.69072341900005,-1.249264478999976],[37.69311142000004,-1.248401760999968],[37.693645477000075,-1.249316572999931],[37.69332885700004,-1.252462028999958],[37.694576263000044,-1.256330489999925],[37.69378280600006,-1.257410883999967],[37.69498443600003,-1.258081793999963],[37.695716858000026,-1.259859323999933],[37.69475936900005,-1.260260104999929],[37.69662475600006,-1.261732577999965],[37.69695663500005,-1.263867258999937],[37.697887421000075,-1.265522717999943],[37.696666718000074,-1.266524672999935],[37.69662475600006,-1.268014549999975],[37.698467255000025,-1.269617795999977],[37.69861602800006,-1.270863651999946],[37.70116043100006,-1.270558595999944],[37.70264053300008,-1.271743654999966],[37.70226669300007,-1.272972225999979],[37.702709198000036,-1.275194048999936],[37.70439147900004,-1.276640414999974],[37.704654694000055,-1.278452634999951],[37.70668411300005,-1.279210686999932],[37.70761489900008,-1.282678484999963],[37.707302094000056,-1.284769534999953],[37.708400726000036,-1.28616356799995],[37.70854950000006,-1.28905630099996],[37.70919418300008,-1.289465784999948],[37.71092605600006,-1.288855909999938],[37.71390533400006,-1.290415524999958],[37.713478088000045,-1.293691634999959],[37.714523315000065,-1.296270608999976],[37.71357345600006,-1.296671390999961],[37.71363449100005,-1.298501133999935],[37.714488983000024,-1.299311398999976],[37.717407227000024,-1.299172043999931],[37.71722412100007,-1.303145169999937],[37.71813964800003,-1.304486870999938],[37.71924591100003,-1.304974793999975],[37.72064209000007,-1.307893633999925],[37.720581055000025,-1.309348701999966],[37.72174072300004,-1.312147855999967],[37.72510147100007,-1.313488244999974],[37.72386932400008,-1.316885828999943],[37.72566223100006,-1.319722413999955],[37.72415924100005,-1.321117281999932],[37.72410202000003,-1.322262882999951],[37.72560882600004,-1.322932004999927],[37.72673034700006,-1.324519752999947],[37.72975921600005,-1.331133841999929],[37.730022430000076,-1.332731365999962],[37.73127746600005,-1.33370554399994],[37.73262023900003,-1.336296557999958],[37.73181533800005,-1.33824479599997],[37.73238754300007,-1.340530871999931],[37.73146438600003,-1.340936660999944],[37.73077392600004,-1.340572118999944],[37.727462769000056,-1.341284751999979],[37.724376678000056,-1.340199112999926],[37.721584320000034,-1.341235041999937],[37.71378326400003,-1.340441941999927],[37.71038818400007,-1.341026901999953],[37.70655822800006,-1.340703486999928],[37.70434951800007,-1.341727613999979],[37.70049667400008,-1.345421432999956],[37.69309997600004,-1.346266030999971],[37.68981933600003,-1.348465561999944],[37.68732833900003,-1.34568500499995],[37.68546295200008,-1.344771980999951],[37.68127059900007,-1.344066500999929],[37.67998504600007,-1.344357013999968],[37.67803573600003,-1.345975517999932],[37.677246094000054,-1.348507046999941],[37.67777633700007,-1.356793283999934],[37.67667770400004,-1.360513925999953],[37.672542572000054,-1.364147543999934],[37.66992187500006,-1.365224480999927],[37.66793441800007,-1.368259548999959],[37.66833114600007,-1.369359254999949],[37.670421600000054,-1.370503067999948],[37.66973877000004,-1.371932744999924],[37.66641616800007,-1.373032450999972],[37.65539932300004,-1.37481403399994],[37.65172576900005,-1.376155733999951],[37.64932632400007,-1.37468206899996],[37.647415161000026,-1.374418138999943],[37.64613723800005,-1.374968051999929],[37.636699677000024,-1.383082031999948],[37.630313873000034,-1.383873819999963],[37.62953949000007,-1.383556961999943],[37.62755966200007,-1.384934424999926],[37.62709808300008,-1.383033036999962],[37.62623596200007,-1.382055639999976],[37.62249755900007,-1.382256865999977],[37.62160873400006,-1.381753921999973],[37.621936798000036,-1.380316733999962],[37.624824524000076,-1.376939296999979],[37.62459564200003,-1.375875830999974],[37.61857605000006,-1.373935579999966],[37.61541366600005,-1.371981024999968],[37.615009308000026,-1.370931863999942],[37.615543365000065,-1.367496966999966],[37.61483764600007,-1.363386630999969],[37.615081787000065,-1.361202120999963],[37.61240768400006,-1.357609152999942],[37.610137939000026,-1.356459259999951],[37.60874557500006,-1.350509404999968],[37.606040955000026,-1.347318887999961],[37.605339050000055,-1.342648028999975],[37.60224914600008,-1.339083790999951],[37.59904480000006,-1.336669325999935],[37.59646987900004,-1.331423639999969],[37.59582519500003,-1.331006764999927],[37.59047699000007,-1.330834388999961],[37.587745667000036,-1.329727649999938],[37.58599472000003,-1.327399491999927],[37.58367919900007,-1.322369336999941],[37.58189773600003,-1.320371627999975],[37.581352234000065,-1.318388342999924],[37.580329895000034,-1.317482828999971],[37.574840546000075,-1.318014621999964],[37.57133483900003,-1.315485238999941],[37.567050934000065,-1.316016911999952],[37.56255340600006,-1.315600156999949],[37.56002426100008,-1.31286954899997],[37.55794143700007,-1.30756628499995],[37.555164337000065,-1.305180549999932],[37.546802521000075,-1.304620027999931],[37.54217529300007,-1.306344747999958],[37.54043579100005,-1.306258439999965],[37.53550338700006,-1.298698782999963],[37.52737045300006,-1.28360831699996],[37.51996994000007,-1.272872566999979],[37.51439285300006,-1.266031622999947],[37.51388931300005,-1.264062642999932],[37.51268386800007,-1.263070940999967],[37.50709152200005,-1.261418222999964],[37.50591278100006,-1.260541557999943],[37.50141143800005,-1.25264895],[37.49601745600006,-1.252175926999939],[37.53716659500003,-1.223194479999961],[37.59542846700003,-1.178470611999956],[37.59659194900007,-1.176134705999971],[37.598457336000024,-1.174250721999954],[37.603866577000076,-1.171953796999958],[37.61370468100006,-1.164528369999971],[37.61774063100006,-1.163904427999967],[37.61746215800008,-1.161694645999944],[37.62828445400004,-1.153578042999925],[37.62950897200005,-1.15538775899995],[37.629215240000065,-1.156331896999973],[37.63171386700003,-1.15819931],[37.631893158000025,-1.159286736999945],[37.63314819300007,-1.160834192999971],[37.63493347200006,-1.161844849999966],[37.63521194500004,-1.163915037999971],[37.63530349700005,-1.164145111999972]]]}},{"type":"Feature","properties":{"OBJECTID_1":315,"OBJECTID":729,"COUNTY_NAM":"MACHAKOS","CONST_CODE":76,"CONSTITUEN":"YATTA","COUNTY_ASS":380,"COUNTY_A_1":"KATANGI","COUNTY_COD":16,"Shape_Leng":0.6459803723,"Shape_Le_1":0.6459803723,"Shape_Area":0.01936111035,"county_name":"MACHAKOS","ward_name":"KATANGI","ward_code":380,"constituency_name":"YATTA","constituency_code":76,"source_file":"ward_380.geojson"},"geometry":{"type":"Polygon","coordinates":[[[37.72613525400004,-1.340795754999931],[37.72889328000008,-1.341276406999953],[37.73238754300007,-1.340530871999931],[37.73368454000007,-1.34192681299993],[37.734325409000064,-1.341858624999929],[37.73516464200003,-1.340641021999943],[37.736343384000065,-1.341829418999964],[37.73809814500004,-1.341800212999942],[37.73764801000004,-1.343504905999964],[37.73951721200007,-1.345365404999939],[37.73983001700003,-1.347635030999925],[37.74405670200008,-1.349495529999956],[37.74531555200008,-1.351180672999931],[37.74595642100007,-1.353236078999942],[37.744544983000026,-1.355408310999962],[37.74484634400005,-1.356460332999973],[37.74743652300003,-1.356265425999936],[37.748889923000036,-1.357716917999937],[37.752407074000075,-1.35687911499997],[37.75295257600004,-1.355086802999949],[37.75431442300004,-1.354726433999929],[37.75554275500008,-1.35725903499997],[37.75825882000004,-1.356401800999947],[37.75954437300004,-1.354853033999973],[37.76332473800005,-1.355349778999937],[37.76572036700003,-1.354521750999936],[37.76534271200006,-1.35627520099996],[37.76569366500007,-1.357414841999969],[37.767639160000044,-1.356596707999927],[37.77340698200004,-1.360512494999966],[37.77600860600006,-1.35995245],[37.778209686000025,-1.366128205999928],[37.78132629400005,-1.371748685999933],[37.78220367400007,-1.372313618999954],[37.78416061400003,-1.37067699399995],[37.78389740000006,-1.372557162999954],[37.785137177000024,-1.373482584999977],[37.78533172600004,-1.375411271999951],[37.78990936300005,-1.375099539999951],[37.790599823000036,-1.37617099299996],[37.78947830200008,-1.37679445699996],[37.78947067300004,-1.377349733999949],[37.791252136000026,-1.381606459999944],[37.791866302000074,-1.382122754999955],[37.79311370800008,-1.381811022999955],[37.795421600000054,-1.385921716999974],[37.79720306400003,-1.38741195199998],[37.797264099000074,-1.389136194999935],[37.79919052100007,-1.391970872999934],[37.79816818200004,-1.394143104999955],[37.79869461100003,-1.39607179199993],[37.799648285000046,-1.396169185999952],[37.80022430400004,-1.394805430999952],[37.80149841300005,-1.393880009999975],[37.80474472000003,-1.393500208999967],[37.804294586000026,-1.395458101999964],[37.805610657000045,-1.400445460999947],[37.80488967900004,-1.402783274999933],[37.80610656700003,-1.406816005999929],[37.80720901500007,-1.408598541999936],[37.80662536600005,-1.410147428999949],[37.808544159000064,-1.416401028999928],[37.807666779000044,-1.418144702999939],[37.81023788500005,-1.419868826999959],[37.810081482000044,-1.423843144999978],[37.812839508000025,-1.42663872199995],[37.81167984000007,-1.429288267999937],[37.81366729700005,-1.433886050999945],[37.81366729700005,-1.436642646999928],[37.812808990000065,-1.438776015999963],[37.81509017900004,-1.439360379999926],[37.814960480000025,-1.440373420999947],[37.81564331100003,-1.441279410999925],[37.81814575200008,-1.441668986999957],[37.81827545200008,-1.442156075999947],[37.81681442300004,-1.442643165999925],[37.81620025600006,-1.443977593999932],[37.816802979000045,-1.444834827999955],[37.81986236600005,-1.446110844999964],[37.81646347000003,-1.447318791999976],[37.810489655000026,-1.447318791999976],[37.808631897000055,-1.448020100999941],[37.797710419000055,-1.455565690999947],[37.797111511000026,-1.457489490999933],[37.79383850100004,-1.459401130999936],[37.78878402700008,-1.465306639999938],[37.783744812000066,-1.468350648999945],[37.781185150000056,-1.470639705999929],[37.77996826200007,-1.472819327999957],[37.779590607000046,-1.478262066999946],[37.777923584000064,-1.481647014999965],[37.77606201200007,-1.482608913999968],[37.773857117000034,-1.486444353999957],[37.761341095000034,-1.488124727999946],[37.75484848000008,-1.490231155999936],[37.75185394300007,-1.490535616999978],[37.73816299400005,-1.495191931999955],[37.732635498000036,-1.496076344999949],[37.730060577000074,-1.495465039999942],[37.72689056400003,-1.493332266999971],[37.72332763700007,-1.493618368999933],[37.721920013000044,-1.492630004999967],[37.718372345000034,-1.492708086999926],[37.712650299000074,-1.488403558999949],[37.70719909700006,-1.488780617999964],[37.70162200900006,-1.490874409999947],[37.69822692900004,-1.49516594399995],[37.69482040400004,-1.497791766999967],[37.69405365000006,-1.496140121999929],[37.69618988000008,-1.490340113999935],[37.69589614900008,-1.486792087999959],[37.69176483200005,-1.480122565999977],[37.69122695900006,-1.477831959999946],[37.68965530400004,-1.476080536999973],[37.68848419200003,-1.47235286199998],[37.68574523900003,-1.470668673999967],[37.684532166000054,-1.467929005999963],[37.680961609000065,-1.464605450999954],[37.67882919300007,-1.464021682999942],[37.67258834800003,-1.463886856999977],[37.67238616900005,-1.46247208099993],[37.67343902600004,-1.460046886999976],[37.67276763900003,-1.457015394999928],[37.67142105100004,-1.455645560999926],[37.668140411000024,-1.455039262999947],[37.66656875600006,-1.452007650999974],[37.659404755000025,-1.451176762999978],[37.65289306600005,-1.448302387999945],[37.65217590300006,-1.447538852999969],[37.65215301500007,-1.437388777999956],[37.64923477200006,-1.433863162999955],[37.64745712300004,-1.428473710999924],[37.64509964000007,-1.424386739999932],[37.64572906500007,-1.419311642999958],[37.64467620800008,-1.416145324999945],[37.64487457300004,-1.41439378299998],[37.645885468000074,-1.412417649999952],[37.64572906500007,-1.411317347999955],[37.64375305200008,-1.408779739999943],[37.642749786000024,-1.405835747999959],[37.639068604000045,-1.403284787999951],[37.63735961900005,-1.400661825999976],[37.63346099900008,-1.398542046999978],[37.63008499100005,-1.398056983999936],[37.627605438000046,-1.394859194999981],[37.62676239000007,-1.39221835099994],[37.62779998800005,-1.388666748999981],[37.62755966200007,-1.384934424999926],[37.62953949000007,-1.383556961999943],[37.630313873000034,-1.383873819999963],[37.636699677000024,-1.383082031999948],[37.64613723800005,-1.374968051999929],[37.647415161000026,-1.374418138999943],[37.64932632400007,-1.37468206899996],[37.65172576900005,-1.376155733999951],[37.65539932300004,-1.37481403399994],[37.66641616800007,-1.373032450999972],[37.66973877000004,-1.371932744999924],[37.670421600000054,-1.370503067999948],[37.66833114600007,-1.369359254999949],[37.66793441800007,-1.368259548999959],[37.66992187500006,-1.365224480999927],[37.672542572000054,-1.364147543999934],[37.67667770400004,-1.360513925999953],[37.67777633700007,-1.356793283999934],[37.677246094000054,-1.348507046999941],[37.67803573600003,-1.345975517999932],[37.67998504600007,-1.344357013999968],[37.68127059900007,-1.344066500999929],[37.68546295200008,-1.344771980999951],[37.68732833900003,-1.34568500499995],[37.68981933600003,-1.348465561999944],[37.69309997600004,-1.346266030999971],[37.70049667400008,-1.345421432999956],[37.70434951800007,-1.341727613999979],[37.70655822800006,-1.340703486999928],[37.71038818400007,-1.341026901999953],[37.71378326400003,-1.340441941999927],[37.721584320000034,-1.341235041999937],[37.72382354700005,-1.340232371999946],[37.725738525000054,-1.340704678999941],[37.72613525400004,-1.340795754999931]]]}},{"type":"Feature","properties":{"OBJECTID_1":332,"OBJECTID":808,"COUNTY_NAM":"MACHAKOS","CONST_CODE":77,"CONSTITUEN":"KANGUNDO","COUNTY_ASS":381,"COUNTY_A_1":"KANGUNDO NORTH","COUNTY_COD":16,"Shape_Leng":0.37445635201,"Shape_Le_1":0.37445635201,"Shape_Area":0.0029298945,"county_name":"MACHAKOS","ward_name":"KANGUNDO NORTH","ward_code":381,"constituency_name":"KANGUNDO","constituency_code":77,"source_file":"ward_381.geojson"},"geometry":{"type":"Polygon","coordinates":[[[37.36006927500006,-1.258838295999965],[37.364810944000055,-1.258480309999925],[37.36579513500004,-1.259429811999951],[37.36626434300007,-1.261456727999928],[37.367797852000024,-1.262832879999962],[37.36904144300007,-1.263176440999928],[37.37044143700007,-1.264804124999955],[37.37377166700003,-1.265954136999937],[37.37879180900006,-1.265051602999961],[37.38144302400008,-1.267590164999945],[37.38527679400005,-1.270072340999946],[37.38725280800003,-1.270015954999963],[37.39012908900003,-1.268267154999933],[37.39232635500008,-1.268398284999933],[37.39352035500008,-1.270223855999973],[37.39352035500008,-1.271671771999934],[37.39320755000006,-1.273434519999967],[37.39169693000008,-1.276141643999949],[37.39169693000008,-1.277400731999933],[37.393268585000044,-1.28017067899998],[37.396354675000055,-1.282059430999937],[37.39604187000003,-1.28457760799995],[37.396858215000066,-1.285962581999968],[37.39887237500005,-1.287158727999952],[37.39981842000003,-1.295468806999963],[37.405548096000075,-1.298994302999972],[37.41033172600004,-1.308563351999965],[37.41196823100006,-1.31391453699996],[37.41274642900004,-1.315177320999965],[37.414737701000035,-1.315866231999962],[37.41964721700003,-1.322413324999957],[37.42040252700008,-1.325183510999977],[37.420597076000035,-1.331731199999979],[37.42402267500006,-1.342445134999935],[37.42025756800007,-1.339529036999977],[37.414333344000056,-1.333178877999956],[37.41182708700006,-1.333574294999949],[37.404838562000066,-1.337449311999933],[37.40149307300004,-1.337537765999969],[37.39775466900005,-1.333616494999944],[37.397407532000045,-1.328733324999973],[37.39312744100005,-1.328964828999972],[37.389770508000026,-1.331395267999938],[37.38872909500003,-1.331202268999959],[37.38787841800007,-1.330199241999935],[37.385833740000066,-1.332051038999964],[37.38170623800005,-1.332591175999937],[37.37831115700004,-1.330616950999968],[37.37691879300007,-1.330883979999953],[37.375453949000075,-1.330139636999945],[37.372032166000054,-1.326257943999963],[37.37425613400006,-1.324419855999963],[37.37853622400007,-1.318918108999981],[37.38037490800008,-1.309408902999962],[37.38246154800004,-1.307764648999978],[37.382740021000075,-1.306957840999928],[37.381511688000046,-1.30553638899994],[37.380672455000024,-1.305567383999971],[37.379615784000066,-1.30464565799997],[37.37602233900003,-1.303808330999971],[37.375205994000055,-1.302278398999931],[37.370174408000025,-1.299305438999966],[37.36420822100007,-1.297488331999944],[37.361598969000056,-1.298249124999927],[37.35789108300003,-1.297434448999979],[37.35736846900005,-1.296303271999932],[37.35810470600006,-1.295836448999978],[37.35862731900005,-1.294112801999972],[37.36085128800005,-1.292191743999979],[37.36083221400003,-1.291545390999943],[37.35996627800006,-1.291488527999945],[37.35667800900006,-1.28788173199996],[37.354988098000035,-1.287754058999951],[37.35051727300004,-1.284466385999963],[37.349369049000074,-1.282902478999972],[37.349433899000076,-1.282168268999953],[37.353561401000036,-1.280422090999934],[37.355705261000026,-1.277349948999927],[37.35274505600006,-1.276509522999959],[37.34833526600005,-1.278531550999958],[37.34135818500005,-1.278337478999958],[37.340686798000036,-1.280823349999935],[37.338996887000064,-1.281012296999961],[37.338397980000025,-1.280129909999971],[37.33565521200006,-1.279383182999936],[37.33417511000005,-1.281114816999946],[37.33083725000006,-1.280968188999964],[37.33042144800004,-1.281550049999964],[37.329441071000076,-1.280922412999928],[37.32794570900006,-1.28266274899994],[37.32712173500005,-1.28185951699993],[37.32818985000006,-1.279946922999955],[37.327747345000034,-1.27741849399996],[37.32817459100005,-1.275980233999974],[37.33050537100007,-1.276609181999959],[37.33151245100004,-1.278225182999961],[37.33445358300003,-1.274284243999944],[37.337154388000044,-1.274968623999939],[37.336456299000076,-1.271618604999958],[37.33705520600006,-1.271326302999967],[37.33825683600003,-1.271251320999966],[37.343238831000065,-1.273234724999952],[37.34513092000003,-1.273284553999929],[37.34674453700006,-1.271919846999936],[37.34726715100004,-1.269488334999949],[37.34977340700004,-1.268495916999939],[37.347877502000074,-1.265105485999925],[37.35079956100003,-1.262706160999926],[37.351345062000064,-1.261186122999959],[37.35409164400005,-1.260359525999945],[37.35560226400003,-1.257928490999973],[37.35821914700006,-1.257433533999972],[37.35972976700003,-1.258725165999977],[37.36006927500006,-1.258838295999965]]]}},{"type":"Feature","properties":{"OBJECTID_1":341,"OBJECTID":849,"COUNTY_NAM":"MACHAKOS","CONST_CODE":77,"CONSTITUEN":"KANGUNDO","COUNTY_ASS":382,"COUNTY_A_1":"KANGUNDO CENTRAL","COUNTY_COD":16,"Shape_Leng":0.29825447485,"Shape_Le_1":0.29825447485,"Shape_Area":0.00278931889,"county_name":"MACHAKOS","ward_name":"KANGUNDO CENTRAL","ward_code":382,"constituency_name":"KANGUNDO","constituency_code":77,"source_file":"ward_382.geojson"},"geometry":{"type":"Polygon","coordinates":[[[37.35491943400007,-1.278420567999945],[37.353561401000036,-1.280422090999934],[37.349433899000076,-1.282168268999953],[37.349369049000074,-1.282902478999972],[37.35051727300004,-1.284466385999963],[37.354988098000035,-1.287754058999951],[37.35667800900006,-1.28788173199996],[37.35996627800006,-1.291488527999945],[37.36083221400003,-1.291545390999943],[37.36085128800005,-1.292191743999979],[37.35862731900005,-1.294112801999972],[37.35810470600006,-1.295836448999978],[37.35736846900005,-1.296303271999932],[37.35789108300003,-1.297434448999979],[37.361598969000056,-1.298249124999927],[37.36420822100007,-1.297488331999944],[37.370174408000025,-1.299305438999966],[37.375205994000055,-1.302278398999931],[37.37602233900003,-1.303808330999971],[37.379615784000066,-1.30464565799997],[37.380672455000024,-1.305567383999971],[37.381511688000046,-1.30553638899994],[37.382740021000075,-1.306957840999928],[37.38246154800004,-1.307764648999978],[37.38037490800008,-1.309408902999962],[37.37853622400007,-1.318918108999981],[37.37425613400006,-1.324419855999963],[37.37122726400003,-1.326921939999977],[37.36914062500006,-1.342460631999927],[37.365161896000075,-1.335762500999977],[37.353595734000066,-1.335320114999945],[37.346954346000075,-1.328744053999969],[37.346076965000066,-1.33456182499998],[37.34323501600005,-1.339743494999937],[37.338958740000066,-1.34459734],[37.33694458000008,-1.345206975999929],[37.33572387700008,-1.346850037999957],[37.33156204200003,-1.346748351999963],[37.323020935000045,-1.344113707999952],[37.32386779800004,-1.341885327999933],[37.32579040500008,-1.340869664999957],[37.32577514600007,-1.339318870999932],[37.32664108300003,-1.339264034999928],[37.32733917200005,-1.337850450999952],[37.32880783100006,-1.336917161999963],[37.32456207300004,-1.332022070999926],[37.323642731000064,-1.326603292999948],[37.31763076800007,-1.322368978999975],[37.32071304300007,-1.319141387999935],[37.32071304300007,-1.318341969999949],[37.319171906000065,-1.31769049199994],[37.31766128500004,-1.316121100999965],[37.316299438000044,-1.316802143999951],[37.313781738000046,-1.316772579999963],[37.313781738000046,-1.315440058999968],[37.31683731100003,-1.313882231999969],[37.31710052500006,-1.312934755999947],[37.31713485700004,-1.31240272499997],[37.31499862700008,-1.310742496999978],[37.314006805000076,-1.309017538999967],[37.314804077000076,-1.307357191999927],[37.31874465900006,-1.306279420999942],[37.32157897900004,-1.30430901099993],[37.32630538900003,-1.30249321499997],[37.32516861000005,-1.301112651999972],[37.32304000900007,-1.300030827999933],[37.32633590700004,-1.293166517999964],[37.32514572100007,-1.29116952399994],[37.32669830300006,-1.288245915999937],[37.32480239900008,-1.282089113999973],[37.326583862000064,-1.282356380999943],[37.32712173500005,-1.28185951699993],[37.328075409000064,-1.282648086999927],[37.329441071000076,-1.280922412999928],[37.33042144800004,-1.281550049999964],[37.33083725000006,-1.280968188999964],[37.33417511000005,-1.281114816999946],[37.33565521200006,-1.279383182999936],[37.338397980000025,-1.280129909999971],[37.338996887000064,-1.281012296999961],[37.340686798000036,-1.280823349999935],[37.34135818500005,-1.278337478999958],[37.34833526600005,-1.278531550999958],[37.35274505600006,-1.276509522999959],[37.355705261000026,-1.277349948999927],[37.35504913300008,-1.278249620999929],[37.35491943400007,-1.278420567999945]]]}},{"type":"Feature","properties":{"OBJECTID_1":320,"OBJECTID":741,"COUNTY_NAM":"MACHAKOS","CONST_CODE":77,"CONSTITUEN":"KANGUNDO","COUNTY_ASS":383,"COUNTY_A_1":"KANGUNDO EAST","COUNTY_COD":16,"Shape_Leng":0.35306169131,"Shape_Le_1":0.35306169131,"Shape_Area":0.00408483927,"county_name":"MACHAKOS","ward_name":"KANGUNDO EAST","ward_code":383,"constituency_name":"KANGUNDO","constituency_code":77,"source_file":"ward_383.geojson"},"geometry":{"type":"Polygon","coordinates":[[[37.37691879300007,-1.330883979999953],[37.37831115700004,-1.330616950999968],[37.38170623800005,-1.332591175999937],[37.385833740000066,-1.332051038999964],[37.38787841800007,-1.330199241999935],[37.38872909500003,-1.331202268999959],[37.389770508000026,-1.331395267999938],[37.39312744100005,-1.328964828999972],[37.397407532000045,-1.328733324999973],[37.39775466900005,-1.333616494999944],[37.40149307300004,-1.337537765999969],[37.404838562000066,-1.337449311999933],[37.41182708700006,-1.333574294999949],[37.414333344000056,-1.333178877999956],[37.42025756800007,-1.339529036999977],[37.42402267500006,-1.342445134999935],[37.42380523700007,-1.346210479999968],[37.42216491700003,-1.346588253999926],[37.41806411700003,-1.349255442999947],[37.41687774700006,-1.351540922999959],[37.416931152000075,-1.352477907999969],[37.41438674900007,-1.352598189999981],[37.41310119600007,-1.353754162999962],[37.41024398800005,-1.35451781699993],[37.409301758000026,-1.359437584999967],[37.40821075400004,-1.360755562999941],[37.40829849200003,-1.362124323999979],[37.410091400000056,-1.363669990999938],[37.41043853800005,-1.364683031999959],[37.40764236500007,-1.365544199999931],[37.40743255600006,-1.36730909299996],[37.40466308600003,-1.369553088999965],[37.403850555000076,-1.371090888999959],[37.40366745000006,-1.373750924999968],[37.40714263900003,-1.375858067999957],[37.40752792400008,-1.377648114999943],[37.405929565000065,-1.381611823999947],[37.40369033800005,-1.382890462999967],[37.40413665800003,-1.383721470999944],[37.40644073500005,-1.384744405999925],[37.40669632000004,-1.385703324999952],[37.40503311200007,-1.386406540999928],[37.404647827000076,-1.387813090999941],[37.40746307400008,-1.39242],[37.40644073500005,-1.394333958999937],[37.406311035000044,-1.400790929999971],[37.40771865800008,-1.405393838999942],[37.40688705400004,-1.405713557999945],[37.40518188500005,-1.405052542999954],[37.40361022900004,-1.400236010999947],[37.399288177000074,-1.399077414999965],[37.39609527600004,-1.398812531999965],[37.394950867000034,-1.399309157999937],[37.39369583100006,-1.398895382999967],[37.39329147300003,-1.40010583399993],[37.39141464200003,-1.401431440999943],[37.38938903800005,-1.400519728999939],[37.38833236700003,-1.401084184999945],[37.38392257700008,-1.401382445999957],[37.38341903700007,-1.402625202999957],[37.38119506800007,-1.403442739999946],[37.37933349600007,-1.405590414999949],[37.37894058200004,-1.407497882999962],[37.37769699100005,-1.408588051999971],[37.37763214100005,-1.410288571999956],[37.376945496000076,-1.410646318999966],[37.37578201300005,-1.409210323999957],[37.375339508000025,-1.407454490999953],[37.37253189100005,-1.405846833999931],[37.37312316900005,-1.402365207999935],[37.370334625000055,-1.399197458999936],[37.36782455400004,-1.399139046999949],[37.36685562100007,-1.398453235999966],[37.366874695000035,-1.397797822999962],[37.36578369100005,-1.398128032999978],[37.364856720000034,-1.39599943199994],[37.36291122400007,-1.395420312999931],[37.362644196000076,-1.394150256999978],[37.361679077000076,-1.394470333999948],[37.36112976100003,-1.393687962999934],[37.35886001600005,-1.393139361999943],[37.35886764500003,-1.390223264999975],[37.357627869000055,-1.385854243999972],[37.35440063500005,-1.381765603999952],[37.35402679400005,-1.379659413999946],[37.352645874000075,-1.377966284999957],[37.352779388000044,-1.377233266999951],[37.35226059000007,-1.377099036999937],[37.352184296000075,-1.37512755399996],[37.353450775000056,-1.372023820999971],[37.35328674300007,-1.369300722999981],[37.35052871700003,-1.363803147999931],[37.34427261400003,-1.363803982999968],[37.34559249900008,-1.355187415999978],[37.34401321400003,-1.351149439999972],[37.341644287000065,-1.347279309999976],[37.34210205100004,-1.346726417999946],[37.34049224900008,-1.342855214999929],[37.34323501600005,-1.339743494999937],[37.346076965000066,-1.33456182499998],[37.346954346000075,-1.328744053999969],[37.353595734000066,-1.335320114999945],[37.365161896000075,-1.335762500999977],[37.36914062500006,-1.342460631999927],[37.37122726400003,-1.326921939999977],[37.37170791600005,-1.326308488999928],[37.37656402600004,-1.330786942999964],[37.37691879300007,-1.330883979999953]]]}},{"type":"Feature","properties":{"OBJECTID_1":314,"OBJECTID":728,"COUNTY_NAM":"MACHAKOS","CONST_CODE":77,"CONSTITUEN":"KANGUNDO","COUNTY_ASS":384,"COUNTY_A_1":"KANGUNDO WEST","COUNTY_COD":16,"Shape_Leng":0.45125227575,"Shape_Le_1":0.45125227588,"Shape_Area":0.00408902951,"county_name":"MACHAKOS","ward_name":"KANGUNDO WEST","ward_code":384,"constituency_name":"KANGUNDO","constituency_code":77,"source_file":"ward_384.geojson"},"geometry":{"type":"Polygon","coordinates":[[[37.313781738000046,-1.316772579999963],[37.316299438000044,-1.316802143999951],[37.31766128500004,-1.316121100999965],[37.319171906000065,-1.31769049199994],[37.32071304300007,-1.318341969999949],[37.32071304300007,-1.319141387999935],[37.31763076800007,-1.322368978999975],[37.323642731000064,-1.326603292999948],[37.32456207300004,-1.332022070999926],[37.32880783100006,-1.336917161999963],[37.32733917200005,-1.337850450999952],[37.32664108300003,-1.339264034999928],[37.32577514600007,-1.339318870999932],[37.32579040500008,-1.340869664999957],[37.32386779800004,-1.341885327999933],[37.323020935000045,-1.344113707999952],[37.32970809900007,-1.346308588999932],[37.33477020300006,-1.347128509999948],[37.33572387700008,-1.346850037999957],[37.33694458000008,-1.345206975999929],[37.338958740000066,-1.34459734],[37.34049224900008,-1.342855214999929],[37.34210205100004,-1.346726417999946],[37.341644287000065,-1.347279309999976],[37.34401321400003,-1.351149439999972],[37.34559249900008,-1.355187415999978],[37.34427261400003,-1.363803982999968],[37.35052871700003,-1.363803147999931],[37.35318374600007,-1.368888377999951],[37.353450775000056,-1.372023820999971],[37.352184296000075,-1.37512755399996],[37.35226059000007,-1.377099036999937],[37.352779388000044,-1.377233266999951],[37.352645874000075,-1.377966284999957],[37.35402679400005,-1.379659413999946],[37.35440063500005,-1.381765603999952],[37.357627869000055,-1.385854243999972],[37.35886764500003,-1.390223264999975],[37.35886001600005,-1.393139361999943],[37.36112976100003,-1.393687962999934],[37.361679077000076,-1.394470333999948],[37.362644196000076,-1.394150256999978],[37.36291122400007,-1.395420312999931],[37.364856720000034,-1.39599943199994],[37.36578369100005,-1.398128032999978],[37.366874695000035,-1.397797822999962],[37.36685562100007,-1.398453235999966],[37.36782455400004,-1.399139046999949],[37.370334625000055,-1.399197458999936],[37.37312316900005,-1.402365207999935],[37.37253189100005,-1.405846833999931],[37.375339508000025,-1.407454490999953],[37.375518799000076,-1.408387183999935],[37.37349319400005,-1.40886306799996],[37.37141418500005,-1.410185455999965],[37.37002563500005,-1.409470796999926],[37.36510849000007,-1.409599542999956],[37.36510849000007,-1.413960337999924],[37.36088943500005,-1.414342641999951],[37.36106109600007,-1.415932416999965],[37.360218048000036,-1.416392206999944],[37.35981750500008,-1.417809485999953],[37.360466003000056,-1.418920516999947],[37.360256195000034,-1.421084761999964],[37.35753631600005,-1.424302696999973],[37.35725021400003,-1.428386330999956],[37.355857849000074,-1.42778003199993],[37.35483932500006,-1.425460576999967],[37.34774780300006,-1.424126505999936],[37.344760895000036,-1.421700953999959],[37.34399032600004,-1.41925036899994],[37.34277343700006,-1.419013857999971],[37.34237289400005,-1.418407439999953],[37.34090805100004,-1.413802146999956],[37.340980530000024,-1.41238427199994],[37.34336471600005,-1.409965633999946],[37.34307479900008,-1.408900022999944],[37.34212875400004,-1.408362507999925],[37.340991974000076,-1.410410522999939],[37.33980560300006,-1.410753368999963],[37.340026855000076,-1.40754699699994],[37.33792495700004,-1.407352447999926],[37.33618164100005,-1.406472086999941],[37.33510589600007,-1.403200864999974],[37.333049774000074,-1.40295064399993],[37.33456802400008,-1.396297096999945],[37.33417892500006,-1.394462227999952],[37.332603455000026,-1.393118619999939],[37.332370758000025,-1.391737818999957],[37.33054733300003,-1.390644311999949],[37.32958221400003,-1.389245032999952],[37.32743454000007,-1.388716816999931],[37.32636642500006,-1.386659621999968],[37.32449722300004,-1.38631212699994],[37.324096680000025,-1.384709000999976],[37.32215118400006,-1.385663389999934],[37.321929932000046,-1.387776255999938],[37.319370270000036,-1.386126756999943],[37.32086181600005,-1.383939861999977],[37.31834411600005,-1.38200306899995],[37.31841659500003,-1.379862427999967],[37.31931686400003,-1.379834651999943],[37.31941604600007,-1.379176616999928],[37.316867828000056,-1.379130362999945],[37.316619873000036,-1.379630684999938],[37.31581115700004,-1.37961220699998],[37.313838959000066,-1.377582787999927],[37.31477356000005,-1.376665353999954],[37.316230774000076,-1.377221345999942],[37.31612014800004,-1.376025914999957],[37.31391143800005,-1.374904632999972],[37.312122345000034,-1.371625780999978],[37.31024551400003,-1.370699047999949],[37.311046600000054,-1.369006156999944],[37.31031799300007,-1.368635653999945],[37.30884933500005,-1.369414090999953],[37.30860137900004,-1.368388533999962],[37.30770111100003,-1.367795466999951],[37.307453156000065,-1.366708158999927],[37.30842208900003,-1.365256547999934],[37.30856323200004,-1.363622188999955],[37.30785369900008,-1.363535403999947],[37.307586670000035,-1.364703893999945],[37.30671691900005,-1.364901303999943],[37.30602264400005,-1.363416909999955],[37.30474090600006,-1.36357486199995],[37.30381012000004,-1.363014220999958],[37.30362319900007,-1.362390517999927],[37.30545425400004,-1.360535144999972],[37.30335235600006,-1.357842802999926],[37.301830292000034,-1.359335064999925],[37.300739288000045,-1.359200834999967],[37.30047988900003,-1.358513950999964],[37.301300049000076,-1.356721639999932],[37.29627227800006,-1.353342532999932],[37.294376373000034,-1.346844672999964],[37.29343795800003,-1.344768166999927],[37.29199218700006,-1.343654870999956],[37.29174041700003,-1.342336415999966],[37.289905548000036,-1.342439054999943],[37.28903198200004,-1.34131789199995],[37.287673950000055,-1.34097051599997],[37.285823822000054,-1.341578483999967],[37.28326797500006,-1.340046762999975],[37.282657623000034,-1.339194058999965],[37.28314971900005,-1.337117552999928],[37.280029297000056,-1.335554360999936],[37.280242920000035,-1.334433197999942],[37.27943038900003,-1.331859230999953],[37.27812576300005,-1.331740855999954],[37.27690506000005,-1.329498528999977],[37.27271270800003,-1.33038365799996],[37.27631759600007,-1.326573371999928],[37.27933883700007,-1.325157403999924],[37.28416442900004,-1.325888990999943],[37.285968781000065,-1.325346230999969],[37.29224395800003,-1.317842244999952],[37.29561996500007,-1.311223148999943],[37.30335998500004,-1.306444644999942],[37.30785369900008,-1.305488943999933],[37.31651306200007,-1.306703924999965],[37.314804077000076,-1.307357191999927],[37.314006805000076,-1.309017538999967],[37.31499862700008,-1.310742496999978],[37.31713485700004,-1.31240272499997],[37.31710052500006,-1.312934755999947],[37.31683731100003,-1.313882231999969],[37.31425857500005,-1.314829825999937],[37.31384277300003,-1.316387652999936],[37.313781738000046,-1.316772579999963]]]}},{"type":"Feature","properties":{"OBJECTID_1":316,"OBJECTID":730,"COUNTY_NAM":"MACHAKOS","CONST_CODE":78,"CONSTITUEN":"MATUNGULU","COUNTY_ASS":385,"COUNTY_A_1":"TALA","COUNTY_COD":16,"Shape_Leng":0.38850770637,"Shape_Le_1":0.38850770637,"Shape_Area":0.00344743958,"county_name":"MACHAKOS","ward_name":"TALA","ward_code":385,"constituency_name":"MATUNGULU","constituency_code":78,"source_file":"ward_385.geojson"},"geometry":{"type":"Polygon","coordinates":[[[37.320240021000075,-1.222499966999976],[37.322078705000024,-1.223579763999965],[37.32149124100005,-1.22510826599995],[37.324871063000046,-1.229146837999963],[37.32571029700006,-1.23383045199995],[37.32521820100004,-1.235330938999937],[37.32663726800007,-1.23667717],[37.32656478900003,-1.237770914999942],[37.32840347300004,-1.238303660999975],[37.32878112800006,-1.24106633699995],[37.333225250000055,-1.244081258999927],[37.33388519300007,-1.246366977999969],[37.336494446000074,-1.24696993799995],[37.33755874600007,-1.248652696999955],[37.340057373000036,-1.249081611999941],[37.34006881700003,-1.250671982999961],[37.34199905400004,-1.253667711999981],[37.342441559000065,-1.257853507999926],[37.34384536700003,-1.258440017999931],[37.344936371000074,-1.261576055999967],[37.34839630100004,-1.264498948999972],[37.347877502000074,-1.265105485999925],[37.34977340700004,-1.268495916999939],[37.34726715100004,-1.269488334999949],[37.34674453700006,-1.271919846999936],[37.34513092000003,-1.273284553999929],[37.343238831000065,-1.273234724999952],[37.33825683600003,-1.271251320999966],[37.33671951300005,-1.271420120999949],[37.337154388000044,-1.274968623999939],[37.33445358300003,-1.274284243999944],[37.33151245100004,-1.278225182999961],[37.33050537100007,-1.276609181999959],[37.32817459100005,-1.275980233999974],[37.327747345000034,-1.27715778399994],[37.32824707000003,-1.279221295999946],[37.32791137700008,-1.280605554999966],[37.32683181800007,-1.282240271999967],[37.32480239900008,-1.282089113999973],[37.32669830300006,-1.288245915999937],[37.32514572100007,-1.29116952399994],[37.32633590700004,-1.293166517999964],[37.32304000900007,-1.299831628999925],[37.32516861000005,-1.301112651999972],[37.32630538900003,-1.30249321499997],[37.32157897900004,-1.30430901099993],[37.317329407000045,-1.306739568999944],[37.30843353300003,-1.30550074599995],[37.30335998500004,-1.306444644999942],[37.29561996500007,-1.311223148999943],[37.29224395800003,-1.317842244999952],[37.285968781000065,-1.325346230999969],[37.28416442900004,-1.325888990999943],[37.27933883700007,-1.325157403999924],[37.27631759600007,-1.326573371999928],[37.27271270800003,-1.33038365799996],[37.27277374300007,-1.326379894999946],[37.274543762000064,-1.325914144999956],[37.27321624800004,-1.324642896999933],[37.270374298000036,-1.324208735999946],[37.27144622800006,-1.322258591999969],[37.27001190200008,-1.321249007999938],[37.27340698200004,-1.318227529999945],[37.274902344000054,-1.315901398999927],[37.278331757000046,-1.315756797999939],[37.28245925900006,-1.313535809999962],[37.28698349000007,-1.304759621999949],[37.288837433000026,-1.303020596999943],[37.28984451300005,-1.30316531699998],[37.29033279400005,-1.302076220999936],[37.289714813000046,-1.301690220999944],[37.289962769000056,-1.300428866999937],[37.290672302000075,-1.301180242999976],[37.292297363000046,-1.29978787899995],[37.291324615000065,-1.298726319999958],[37.292152405000024,-1.298319696999954],[37.29180908200004,-1.296899675999953],[37.293254852000075,-1.295721053999955],[37.29238128700007,-1.295982956999978],[37.292083740000066,-1.295328139999924],[37.29243469200003,-1.294831871999975],[37.293579102000024,-1.295217871999967],[37.294185638000044,-1.294673323999973],[37.29323577900004,-1.292956947999926],[37.29541397100007,-1.293728947999966],[37.29532241800007,-1.292488336999952],[37.29619216900005,-1.29193687399993],[37.29661178600003,-1.290709971999945],[37.296195984000065,-1.290015577999952],[37.29458236700003,-1.289575814999978],[37.29336166400003,-1.287409543999956],[37.29225540200008,-1.287295579999977],[37.29111480700004,-1.285227059999954],[37.29082107500005,-1.277409076999959],[37.28785324100005,-1.275221466999938],[37.287132263000046,-1.272162556999945],[37.28881073000008,-1.271112799999969],[37.289245605000076,-1.270009755999979],[37.28562164300007,-1.268661736999945],[37.28578186000004,-1.263843178999935],[37.285186768000074,-1.261332272999937],[37.285911560000045,-1.259111046999976],[37.29407119800004,-1.253590344999964],[37.29737091100003,-1.252753376999976],[37.299709320000034,-1.250770091999925],[37.301235199000075,-1.242595195999968],[37.304279327000074,-1.240581869999971],[37.30796814000007,-1.236244558999943],[37.30828476000005,-1.233142494999925],[37.30764770500008,-1.223127960999932],[37.309562683000024,-1.221254705999968],[37.31459045400004,-1.21986138799997],[37.31557083100006,-1.216316818999928],[37.31713104200003,-1.216150044999949],[37.31870269800004,-1.214248418999944],[37.320549011000026,-1.209612965999952],[37.32127761800007,-1.210860967999963],[37.321067810000045,-1.212165116999927],[37.321754456000065,-1.214857458999973],[37.32052230800008,-1.218896030999929],[37.321460724000076,-1.220438599999966],[37.320663452000076,-1.220957397999939],[37.320240021000075,-1.222219466999945],[37.320240021000075,-1.222499966999976]]]}},{"type":"Feature","properties":{"OBJECTID_1":326,"OBJECTID":774,"COUNTY_NAM":"MACHAKOS","CONST_CODE":78,"CONSTITUEN":"MATUNGULU","COUNTY_ASS":386,"COUNTY_A_1":"MATUNGULU NORTH","COUNTY_COD":16,"Shape_Leng":0.6409664367,"Shape_Le_1":0.64096643671,"Shape_Area":0.01375295218,"county_name":"MACHAKOS","ward_name":"MATUNGULU NORTH","ward_code":386,"constituency_name":"MATUNGULU","constituency_code":78,"source_file":"ward_386.geojson"},"geometry":{"type":"Polygon","coordinates":[[[37.28988647500006,-1.069953083999963],[37.294734955000024,-1.070189594999931],[37.298046112000065,-1.071430921999934],[37.301769257000046,-1.074534415999949],[37.30310058600003,-1.07728326299997],[37.305816650000054,-1.07985472699994],[37.31090164200003,-1.082603454999969],[37.315010071000074,-1.088366984999936],[37.317432404000044,-1.090110897999978],[37.31870651200006,-1.09324395699997],[37.32071304300007,-1.093716859999972],[37.32603454600007,-1.096849798999926],[37.32706832900004,-1.100012421999963],[37.33336639400005,-1.105332612999973],[37.338565826000035,-1.110682486999963],[37.342201233000026,-1.116741656999977],[37.342800140000065,-1.116445779999935],[37.342823029000044,-1.118100642999934],[37.34556961100003,-1.121036171999947],[37.34577941900005,-1.122380971999974],[37.34757995600006,-1.122835516999942],[37.35045623800005,-1.126812815999926],[37.35318374600007,-1.12887716299997],[37.356536865000066,-1.130202888999975],[37.360816956000065,-1.12806272499995],[37.36212539700006,-1.128384708999931],[37.365741730000025,-1.136055230999943],[37.363845825000055,-1.13813853299996],[37.36350631700003,-1.140146135999942],[37.366214752000076,-1.143687843999942],[37.36765289300007,-1.144388555999967],[37.37375259400005,-1.15132045699994],[37.37607955900006,-1.154555677999952],[37.37900161700003,-1.156979202999935],[37.37683868400006,-1.157029270999942],[37.36990737900004,-1.160303115999966],[37.368461609000065,-1.159084200999928],[37.36739730800008,-1.160425066999949],[37.365081787000065,-1.161609172999931],[37.36492538500005,-1.16235792599997],[37.365814209000064,-1.163106679999942],[37.36326980600006,-1.164447426999971],[37.36034774800004,-1.160738467999977],[37.35869216900005,-1.160216092999974],[37.35874557500006,-1.159223556999962],[37.35992813100006,-1.158735990999958],[37.359874725000054,-1.158108949999928],[37.35745620700004,-1.158509611999932],[37.35614776600005,-1.157847880999952],[37.35653305100004,-1.15560162099996],[37.35590744000007,-1.155218600999945],[37.354095459000064,-1.155148863999955],[37.353363037000065,-1.156002163999972],[37.35226821900005,-1.15560162099996],[37.35148239100005,-1.156089186999964],[37.351585388000046,-1.157499670999926],[37.35233688400007,-1.158074259999978],[37.35433960000006,-1.156750916999954],[37.354774475000056,-1.157151340999974],[37.35318756100003,-1.159815549999962],[37.35350418100006,-1.162305592999928],[37.35047149700006,-1.161347984999964],[37.34582519500003,-1.161626576999936],[37.34413528400006,-1.164221047999945],[37.34308242800006,-1.163700818999928],[37.342296600000054,-1.161611318999974],[37.339969635000045,-1.161371826999925],[37.34007644700006,-1.160174726999969],[37.34190368700007,-1.159064530999956],[37.34190368700007,-1.158563971999968],[37.34014129600007,-1.157867550999924],[37.33911895800003,-1.158324598999968],[37.338119507000044,-1.156844496999952],[37.33735656700003,-1.156713842999977],[37.33665847800006,-1.15710568399993],[37.336421967000035,-1.158694624999953],[37.33367919900007,-1.158781647999945],[37.33346176100008,-1.160805940999978],[37.33409118700007,-1.16139364199995],[37.332588196000074,-1.162416696999969],[37.33178329500004,-1.164027332999979],[37.32976150500008,-1.165311574999976],[37.32980346700003,-1.166116952999971],[37.32751846300005,-1.167618751999953],[37.324840546000075,-1.172146200999976],[37.32209777800006,-1.174301027999945],[37.32222747800006,-1.17573761899996],[37.32397079500004,-1.175607084999967],[37.32368850700004,-1.176695346999964],[37.32120513900003,-1.179089664999935],[37.31876754800004,-1.178480147999949],[37.31805038500005,-1.179481386999953],[37.31645965600006,-1.180047392999938],[37.319530487000065,-1.184030532999941],[37.319225311000025,-1.185205935999932],[37.31761550900006,-1.185575961999973],[37.31764602700008,-1.187724709999941],[37.316787720000036,-1.189036845999965],[37.31724548300008,-1.190669297999932],[37.31608963000008,-1.191169976999959],[37.31630706800007,-1.19404304],[37.31369781500007,-1.194500207999965],[37.31622314500004,-1.20131301899994],[37.315959930000076,-1.203489779999927],[37.31282424900007,-1.208016991999955],[37.31080246000005,-1.209605931999931],[37.310234070000035,-1.210890173999928],[37.30812454200003,-1.212043761999951],[37.306686401000036,-1.212196111999958],[37.30394363400006,-1.21102082699997],[37.301704407000045,-1.212022065999975],[37.29987335200008,-1.212087273999941],[37.29906845100004,-1.209758281999939],[37.29558563200004,-1.207712411999978],[37.29210281400003,-1.208539366999958],[37.28971099900008,-1.210389613999951],[37.28691864000007,-1.214844107999966],[37.285236359000066,-1.218173622999927],[37.28548431400003,-1.218570708999948],[37.282794952000074,-1.219792484999971],[37.28123855600006,-1.225386023999931],[37.26110076900005,-1.215283274999933],[37.24826431300005,-1.213255881999942],[37.24356842000003,-1.216097712999954],[37.23924636800007,-1.217100977999962],[37.23704147300003,-1.209037065999951],[37.24203872700008,-1.19474923599995],[37.23229599000007,-1.18332350299994],[37.22673034700006,-1.179893493999941],[37.22238922100007,-1.179779886999938],[37.218620300000055,-1.177667378999956],[37.21563339200003,-1.175046681999959],[37.21703720100004,-1.174811839999961],[37.22932052600004,-1.167526363999969],[37.24562454200003,-1.160240888999965],[37.24853897100007,-1.158436774999927],[37.251441956000065,-1.155146240999954],[37.25175476100003,-1.152352451999946],[37.25116729700005,-1.150223254999958],[37.24756240800008,-1.149571060999961],[37.24272537200005,-1.142799138999976],[37.235458374000075,-1.12297773399996],[37.23899459800003,-1.110471367999935],[37.23918914800004,-1.104200243999969],[37.237960815000065,-1.101580380999963],[37.23400497400007,-1.097427486999948],[37.23274612400007,-1.087889313999938],[37.24676513700007,-1.084078549999958],[37.24741363500004,-1.081740498999977],[37.24720382700008,-1.080506562999972],[37.24801635700004,-1.080181836999941],[37.24539566000004,-1.07657790199994],[37.24658584600007,-1.076243876999968],[37.24849700900006,-1.077435731999969],[37.24991989100005,-1.077564954999957],[37.25082397500006,-1.075971126999946],[37.25441741900005,-1.073677300999975],[37.25811386100003,-1.070278286999951],[37.26435089100005,-1.0669384],[37.27238845800008,-1.066524505999951],[37.27495956400003,-1.06575608299994],[37.281433105000076,-1.065076231999967],[37.283767700000055,-1.067381739999973],[37.288764954000044,-1.069657563999954],[37.28988647500006,-1.069953083999963]]]}},{"type":"Feature","properties":{"OBJECTID_1":318,"OBJECTID":736,"COUNTY_NAM":"MACHAKOS","CONST_CODE":78,"CONSTITUEN":"MATUNGULU","COUNTY_ASS":387,"COUNTY_A_1":"MATUNGULU EAST","COUNTY_COD":16,"Shape_Leng":0.43221274948,"Shape_Le_1":0.43221274948,"Shape_Area":0.00355625449,"county_name":"MACHAKOS","ward_name":"MATUNGULU EAST","ward_code":387,"constituency_name":"MATUNGULU","constituency_code":78,"source_file":"ward_387.geojson"},"geometry":{"type":"Polygon","coordinates":[[[37.35653305100004,-1.15560162099996],[37.35614776600005,-1.157847880999952],[37.35745620700004,-1.158509611999932],[37.359874725000054,-1.158108949999928],[37.35992813100006,-1.158735990999958],[37.35874557500006,-1.159223556999962],[37.35869216900005,-1.160216092999974],[37.36034774800004,-1.160738467999977],[37.36326980600006,-1.164447426999971],[37.365814209000064,-1.163106679999942],[37.36492538500005,-1.16235792599997],[37.365081787000065,-1.161609172999931],[37.36739730800008,-1.160425066999949],[37.368461609000065,-1.159084200999928],[37.36990737900004,-1.160303115999966],[37.37683868400006,-1.157029270999942],[37.37900161700003,-1.156979202999935],[37.38036727900004,-1.158110498999974],[37.37707519500003,-1.160551785999928],[37.37610244800004,-1.16226685],[37.373062134000065,-1.165211796999927],[37.36956787100007,-1.171845793999978],[37.36665344200003,-1.173334359999956],[37.366203308000024,-1.175567268999942],[37.36267471300005,-1.175470232999942],[37.35713958700006,-1.172590136999929],[37.350021362000064,-1.172492980999948],[37.34827423100006,-1.168221353999968],[37.34688186600005,-1.166991590999942],[37.34594345100004,-1.16799485699994],[37.34548950200008,-1.170033573999945],[37.343971252000074,-1.171069025999941],[37.34393692000003,-1.172169446999931],[37.34542465200008,-1.175534963999951],[37.34532928500005,-1.177282452999975],[37.342609406000065,-1.183981179999933],[37.342609406000065,-1.187184929999944],[37.343517303000056,-1.188349961999961],[37.34358215300006,-1.191003560999945],[37.34432601900005,-1.192977785999972],[37.347335815000065,-1.196763872999952],[37.34930801400003,-1.202006220999976],[37.35111999500003,-1.203689097999927],[37.35684967000003,-1.211941241999966],[37.36112213100006,-1.221164106999936],[37.36396789600008,-1.225241660999927],[37.365909576000035,-1.232490539999958],[37.368564606000064,-1.238380312999937],[37.369018555000025,-1.242393016999927],[37.37050628700007,-1.243946432999962],[37.37173461900005,-1.244399427999952],[37.37217330900006,-1.245386361999977],[37.37367630000006,-1.246049880999976],[37.37493896500007,-1.248476981999943],[37.37387847900004,-1.255215525999972],[37.37377548200004,-1.265845894999927],[37.37044143700007,-1.264804124999955],[37.36904144300007,-1.263176440999928],[37.367797852000024,-1.262832879999962],[37.36586761500007,-1.260955333999959],[37.36579513500004,-1.259429811999951],[37.36433410600006,-1.258298992999926],[37.36006927500006,-1.258838295999965],[37.35821914700006,-1.257433533999972],[37.35560226400003,-1.257928490999973],[37.35409164400005,-1.260359525999945],[37.351345062000064,-1.261186122999959],[37.35079956100003,-1.262706160999926],[37.34839630100004,-1.264498948999972],[37.344936371000074,-1.261576055999967],[37.344058990000065,-1.258724450999978],[37.342441559000065,-1.257853507999926],[37.34199905400004,-1.253667711999981],[37.34006881700003,-1.250671982999961],[37.340057373000036,-1.249081611999941],[37.33755874600007,-1.248652696999955],[37.336494446000074,-1.24696993799995],[37.33388519300007,-1.246366977999969],[37.333225250000055,-1.244081258999927],[37.32878112800006,-1.24106633699995],[37.32840347300004,-1.238303660999975],[37.32656478900003,-1.237770914999942],[37.326522827000076,-1.236480831999927],[37.32535934400005,-1.23573756199994],[37.32571029700006,-1.23383045199995],[37.324871063000046,-1.229146837999963],[37.32149124100005,-1.22510826599995],[37.322078705000024,-1.223579763999965],[37.32118225100004,-1.222724318999951],[37.320270538000045,-1.222710370999948],[37.32050705000006,-1.221209883999961],[37.321460724000076,-1.220438599999966],[37.32052230800008,-1.219260692999967],[37.321754456000065,-1.214857458999973],[37.321235657000045,-1.210678696999935],[37.31895065300006,-1.20843482],[37.318420410000044,-1.20697665199998],[37.31616210900006,-1.207046746999936],[37.31612014800004,-1.206163286999924],[37.317073822000054,-1.204859137999961],[37.315959930000076,-1.203489779999927],[37.31613540600006,-1.200834154999939],[37.31369781500007,-1.19487023399995],[37.314220428000056,-1.194130181999981],[37.31630706800007,-1.19404304],[37.31608963000008,-1.191169976999959],[37.31724548300008,-1.190669297999932],[37.316787720000036,-1.189036845999965],[37.31764602700008,-1.187724709999941],[37.31761550900006,-1.185575961999973],[37.31940078700006,-1.184988259999955],[37.31948471100003,-1.18355166899994],[37.316547394000054,-1.180722116999959],[37.31645965600006,-1.180047392999938],[37.31805038500005,-1.179481386999953],[37.31876754800004,-1.178480147999949],[37.32120513900003,-1.179089664999935],[37.32368850700004,-1.176695346999964],[37.32397079500004,-1.175607084999967],[37.32222747800006,-1.17573761899996],[37.32209777800006,-1.174301027999945],[37.324840546000075,-1.172146200999976],[37.32751846300005,-1.167618751999953],[37.32980346700003,-1.166116952999971],[37.32976150500008,-1.165311574999976],[37.33178329500004,-1.164027332999979],[37.332588196000074,-1.162416696999969],[37.33409118700007,-1.16139364199995],[37.33346176100008,-1.160805940999978],[37.333438873000034,-1.158955811999931],[37.336421967000035,-1.158694624999953],[37.33665847800006,-1.15710568399993],[37.33735656700003,-1.156713842999977],[37.338119507000044,-1.156844496999952],[37.33911895800003,-1.158324598999968],[37.34014129600007,-1.157867550999924],[37.34190368700007,-1.158563971999968],[37.34190368700007,-1.159064530999956],[37.34007644700006,-1.160174726999969],[37.339969635000045,-1.161371826999925],[37.342296600000054,-1.161611318999974],[37.34308242800006,-1.163700818999928],[37.34413528400006,-1.164221047999945],[37.34582519500003,-1.161626576999936],[37.35047149700006,-1.161347984999964],[37.35350418100006,-1.162305592999928],[37.35318756100003,-1.159815549999962],[37.354774475000056,-1.157151340999974],[37.35433960000006,-1.156750916999954],[37.35233688400007,-1.158074259999978],[37.351585388000046,-1.157499670999926],[37.35148239100005,-1.156089186999964],[37.35226821900005,-1.15560162099996],[37.353363037000065,-1.156002163999972],[37.354095459000064,-1.155148863999955],[37.35635757400007,-1.155340432999935],[37.35653305100004,-1.15560162099996]]]}},{"type":"Feature","properties":{"OBJECTID_1":311,"OBJECTID":722,"COUNTY_NAM":"MACHAKOS","CONST_CODE":78,"CONSTITUEN":"MATUNGULU","COUNTY_ASS":388,"COUNTY_A_1":"MATUNGULU WEST","COUNTY_COD":16,"Shape_Leng":0.80196757666,"Shape_Le_1":0.80196757666,"Shape_Area":0.01950487216,"county_name":"MACHAKOS","ward_name":"MATUNGULU WEST","ward_code":388,"constituency_name":"MATUNGULU","constituency_code":78,"source_file":"ward_388.geojson"},"geometry":{"type":"Polygon","coordinates":[[[37.21020507800006,-1.207902192999939],[37.21440506000005,-1.211029052999948],[37.21603393600003,-1.208911895999961],[37.21805191000004,-1.207902192999939],[37.22264480600006,-1.202202319999969],[37.22446823100006,-1.200997113999961],[37.22661972000003,-1.206306218999941],[37.23056030300006,-1.207413672999962],[37.237602234000065,-1.207413672999962],[37.23704147300003,-1.209037065999951],[37.23924636800007,-1.217100977999962],[37.24356842000003,-1.216097712999954],[37.24826431300005,-1.213255881999942],[37.26110076900005,-1.215283274999933],[37.28123855600006,-1.225386023999931],[37.282794952000074,-1.219792484999971],[37.28548431400003,-1.218570708999948],[37.285236359000066,-1.218173622999927],[37.28691864000007,-1.214844107999966],[37.28971099900008,-1.210389613999951],[37.29210281400003,-1.208539366999958],[37.29558563200004,-1.207712411999978],[37.29906845100004,-1.209758281999939],[37.30026626600005,-1.212174415999925],[37.30394363400006,-1.21102082699997],[37.306232452000074,-1.212174415999925],[37.30812454200003,-1.212043761999951],[37.310234070000035,-1.210890173999928],[37.315959930000076,-1.203489779999927],[37.317073822000054,-1.204859137999961],[37.31612014800004,-1.206163286999924],[37.31637191800007,-1.207383274999927],[37.318420410000044,-1.20697665199998],[37.31895065300006,-1.20843482],[37.320549011000026,-1.209612965999952],[37.31870269800004,-1.214248418999944],[37.31713104200003,-1.216150044999949],[37.31557083100006,-1.216316818999928],[37.31459045400004,-1.21986138799997],[37.309562683000024,-1.221254705999968],[37.30764770500008,-1.223127960999932],[37.30828476000005,-1.233142494999925],[37.30796814000007,-1.236244558999943],[37.304279327000074,-1.240581869999971],[37.301235199000075,-1.242595195999968],[37.299709320000034,-1.250770091999925],[37.29737091100003,-1.252753376999976],[37.29407119800004,-1.253590344999964],[37.28575134300007,-1.259481310999945],[37.285186768000074,-1.261332272999937],[37.28578186000004,-1.263843178999935],[37.28562164300007,-1.268661736999945],[37.289245605000076,-1.270009755999979],[37.28881073000008,-1.271112799999969],[37.287132263000046,-1.272162556999945],[37.28785324100005,-1.275221466999938],[37.29082107500005,-1.277409076999959],[37.29111480700004,-1.285227059999954],[37.29225540200008,-1.287295579999977],[37.29336166400003,-1.287409543999956],[37.29458236700003,-1.289575814999978],[37.296195984000065,-1.290015577999952],[37.29661178600003,-1.290709971999945],[37.29619216900005,-1.29193687399993],[37.29532241800007,-1.292488336999952],[37.29541397100007,-1.293728947999966],[37.29323577900004,-1.292956947999926],[37.294185638000044,-1.294673323999973],[37.293579102000024,-1.295217871999967],[37.29243469200003,-1.294831871999975],[37.292083740000066,-1.295328139999924],[37.29238128700007,-1.295982956999978],[37.293254852000075,-1.295721053999955],[37.29180908200004,-1.296899675999953],[37.292152405000024,-1.298319696999954],[37.291324615000065,-1.298726319999958],[37.292297363000046,-1.29978787899995],[37.290672302000075,-1.301180242999976],[37.289962769000056,-1.300428866999937],[37.289714813000046,-1.301690220999944],[37.29033279400005,-1.302076220999936],[37.28984451300005,-1.30316531699998],[37.288837433000026,-1.303020596999943],[37.28698349000007,-1.304759621999949],[37.28245925900006,-1.313535809999962],[37.278331757000046,-1.315756797999939],[37.274902344000054,-1.315901398999927],[37.27340698200004,-1.318227529999945],[37.27001190200008,-1.321249007999938],[37.26895141600005,-1.320142626999939],[37.26762771600005,-1.320118903999969],[37.267951965000066,-1.318903088999946],[37.26681518600003,-1.318295120999949],[37.26654434200003,-1.316937088999964],[37.26476669300007,-1.31537377799998],[37.26325225800008,-1.314931749999971],[37.26187133800005,-1.313692092999929],[37.260433197000054,-1.31405532399998],[37.259849548000034,-1.313652634999926],[37.260036469000056,-1.313125371999945],[37.25885772700008,-1.312086700999942],[37.25886535600006,-1.310284852999928],[37.25760650600006,-1.30787718299996],[37.25801467900004,-1.306326984999942],[37.25492858900003,-1.304131745999939],[37.25492858900003,-1.30049645899993],[37.25382995600006,-1.298647403999951],[37.25195694000007,-1.297097324999925],[37.250404358000026,-1.297003030999974],[37.24983978300003,-1.295743941999945],[37.247264862000065,-1.295114516999945],[37.24653625500008,-1.294209598999942],[37.22879028300008,-1.292860388999941],[37.221817017000035,-1.298540830999968],[37.21802139300007,-1.299920439999937],[37.219257355000025,-1.34667396499998],[37.168979645000036,-1.345246672999963],[37.14462280300006,-1.297916531999931],[37.12910461400003,-1.298368095999933],[37.10529708900003,-1.273337482999978],[37.104328156000065,-1.270668267999952],[37.10321426400003,-1.270092248999958],[37.10316848800005,-1.26936245],[37.10233306900005,-1.269314527999939],[37.102184296000075,-1.266346811999938],[37.10370254500003,-1.26315367199993],[37.10338211100003,-1.26191091499993],[37.10189437900004,-1.260567187999925],[37.10157012900004,-1.259575008999946],[37.102565765000065,-1.257853269999941],[37.108615875000055,-1.257776021999973],[37.10969543500005,-1.256678103999946],[37.10992813100006,-1.253730535999978],[37.10892486600005,-1.247285603999956],[37.10924911500007,-1.244916438999951],[37.11072158800005,-1.244539498999927],[37.116157532000045,-1.24615490399998],[37.11897277800006,-1.24497175199997],[37.11854553200004,-1.235726952999926],[37.12055587800006,-1.232675790999963],[37.12348175000005,-1.232586025999979],[37.12504196200007,-1.230970620999926],[37.12610244800004,-1.23061168199996],[37.13130569500004,-1.231598853999969],[37.13488006600005,-1.231275796999967],[37.13635253900003,-1.230521916999976],[37.13933181800007,-1.226770758999976],[37.14058685300006,-1.223881124999934],[37.15079879800004,-1.223324655999932],[37.15230560300006,-1.222247838999977],[37.15509033200004,-1.218119739999963],[37.15489196800007,-1.214171051999927],[37.15598678600003,-1.210473775999958],[37.15491104100005,-1.209055780999961],[37.152954102000024,-1.20857119599998],[37.15293502800006,-1.207099437999943],[37.155483246000074,-1.20451486099995],[37.15964889500003,-1.203330277999953],[37.15582275400004,-1.19542],[37.208927155000026,-1.193057059999944],[37.20382690400004,-1.205113052999934],[37.20750045800003,-1.207218288999968],[37.20968246500007,-1.20767426499998],[37.21020507800006,-1.207902192999939]]]}},{"type":"Feature","properties":{"OBJECTID_1":331,"OBJECTID":803,"COUNTY_NAM":"MACHAKOS","CONST_CODE":78,"CONSTITUEN":"MATUNGULU","COUNTY_ASS":389,"COUNTY_A_1":"KYELENI","COUNTY_COD":16,"Shape_Leng":0.49274088903,"Shape_Le_1":0.49274088903,"Shape_Area":0.00698444785,"county_name":"MACHAKOS","ward_name":"KYELENI","ward_code":389,"constituency_name":"MATUNGULU","constituency_code":78,"source_file":"ward_389.geojson"},"geometry":{"type":"Polygon","coordinates":[[[37.243302766000056,-1.078107685999953],[37.243915558000026,-1.078196763999927],[37.24539566000004,-1.07657790199994],[37.24801635700004,-1.080181836999941],[37.24720382700008,-1.080506562999972],[37.24741363500004,-1.081740498999977],[37.24676513700007,-1.084078549999958],[37.23274612400007,-1.087889313999938],[37.23400497400007,-1.097427486999948],[37.237960815000065,-1.101580380999963],[37.23918914800004,-1.104200243999969],[37.23899459800003,-1.110471367999935],[37.235458374000075,-1.12297773399996],[37.24272537200005,-1.142799138999976],[37.24756240800008,-1.149571060999961],[37.25116729700005,-1.150223254999958],[37.25175476100003,-1.152352451999946],[37.251441956000065,-1.155146240999954],[37.24853897100007,-1.158436774999927],[37.24562454200003,-1.160240888999965],[37.22932052600004,-1.167526363999969],[37.21703720100004,-1.174811839999961],[37.21563339200003,-1.175046681999959],[37.218620300000055,-1.177667378999956],[37.22238922100007,-1.179779886999938],[37.22673034700006,-1.179893493999941],[37.23229599000007,-1.18332350299994],[37.24203872700008,-1.19474923599995],[37.237602234000065,-1.207413672999962],[37.23056030300006,-1.207413672999962],[37.22661972000003,-1.206306218999941],[37.22446823100006,-1.200997113999961],[37.22264480600006,-1.202202319999969],[37.21805191000004,-1.207902192999939],[37.21603393600003,-1.208911895999961],[37.21440506000005,-1.211029052999948],[37.21020507800006,-1.207902192999939],[37.20750045800003,-1.207218288999968],[37.20382690400004,-1.205113052999934],[37.208927155000026,-1.193057059999944],[37.15582275400004,-1.19542],[37.15553665200008,-1.193781852999962],[37.15605926500007,-1.192525386999932],[37.15763855000006,-1.191753625999979],[37.16154861500007,-1.191125511999928],[37.165966034000064,-1.186333298999955],[37.167026520000036,-1.183497428999942],[37.16935730000006,-1.180769323999925],[37.17055892900004,-1.177071928999965],[37.174114227000075,-1.171382426999969],[37.18066406200006,-1.166105627999968],[37.18229675300006,-1.163754343999926],[37.18235397300003,-1.160074948999977],[37.18116760300006,-1.15815448799998],[37.18071746800007,-1.154618739999933],[37.18536758400006,-1.146667599999944],[37.18513488800005,-1.14510607699998],[37.18326950100004,-1.143329262999941],[37.18323135400004,-1.142126678999944],[37.18678665200008,-1.136706351999976],[37.18685913100006,-1.135414003999927],[37.18493652300003,-1.132398724999973],[37.182029724000074,-1.131788491999942],[37.18170547500006,-1.127965330999928],[37.18019866900005,-1.127516865999951],[37.17919540400004,-1.12649369199994],[37.178043365000065,-1.121952771999929],[37.17515564000007,-1.116675972999929],[37.17506408700007,-1.114109396999936],[37.17594528200004,-1.112440227999969],[37.18093490600006,-1.107145428999957],[37.185459137000066,-1.105512141999952],[37.187896729000045,-1.10395073899997],[37.18870544400005,-1.102425097999969],[37.18897628800005,-1.098978995999971],[37.19005203200004,-1.095820068999956],[37.19269180300006,-1.092212557999972],[37.195812225000054,-1.090363859999968],[37.201313019000054,-1.088333844999966],[37.20553588900003,-1.083093046999977],[37.21132278400006,-1.077966927999967],[37.21334838900003,-1.077191590999973],[37.223873138000044,-1.076545476999968],[37.228107452000074,-1.073874592999971],[37.232299805000025,-1.07341527899996],[37.24082946800007,-1.076330065999969],[37.24302587200003,-1.077954594999937],[37.243302766000056,-1.078107685999953]]]}},{"type":"Feature","properties":{"OBJECTID_1":350,"OBJECTID":943,"COUNTY_NAM":"MACHAKOS","CONST_CODE":79,"CONSTITUEN":"KATHIANI","COUNTY_ASS":390,"COUNTY_A_1":"MITABONI","COUNTY_COD":16,"Shape_Leng":0.53117572351,"Shape_Le_1":0.53117572363,"Shape_Area":0.00734294242,"county_name":"MACHAKOS","ward_name":"MITABONI","ward_code":390,"constituency_name":"KATHIANI","constituency_code":79,"source_file":"ward_390.geojson"},"geometry":{"type":"Polygon","coordinates":[[[37.24707031200006,-1.294980763999945],[37.24952316300005,-1.295562982999968],[37.250404358000026,-1.297003030999974],[37.25151443500005,-1.296829819999971],[37.25403976400003,-1.298891424999965],[37.25497818000008,-1.300669550999942],[37.25492858900003,-1.304131745999939],[37.257835388000046,-1.305972933999954],[37.25760650600006,-1.30787718299996],[37.25886535600006,-1.310284852999928],[37.25885772700008,-1.312086700999942],[37.260036469000056,-1.313125371999945],[37.259849548000034,-1.313652634999926],[37.260433197000054,-1.31405532399998],[37.26187133800005,-1.313692092999929],[37.26325225800008,-1.314931749999971],[37.26476669300007,-1.31537377799998],[37.26654434200003,-1.316937088999964],[37.26681518600003,-1.318295120999949],[37.267951965000066,-1.318903088999946],[37.26762771600005,-1.320118903999969],[37.26895141600005,-1.320142626999939],[37.27132797200005,-1.322045444999958],[37.270374298000036,-1.324208735999946],[37.272789001000035,-1.324477195999975],[37.27443313600003,-1.325700878999953],[37.27440261800007,-1.326308845999961],[37.27277374300007,-1.326379894999946],[37.27278518700007,-1.330540179999957],[37.27690506000005,-1.329498528999977],[37.27812576300005,-1.331740855999954],[37.27943038900003,-1.331859230999953],[37.280242920000035,-1.334433197999942],[37.280029297000056,-1.335554360999936],[37.28314971900005,-1.337117552999928],[37.282657623000034,-1.339194058999965],[37.28326797500006,-1.340046762999975],[37.285823822000054,-1.341578483999967],[37.287673950000055,-1.34097051599997],[37.28903198200004,-1.34131789199995],[37.289905548000036,-1.342439054999943],[37.29174041700003,-1.342336415999966],[37.29199218700006,-1.343654870999956],[37.29343795800003,-1.344768166999927],[37.294376373000034,-1.346844672999964],[37.29627227800006,-1.353342532999932],[37.30116653400006,-1.356492757999945],[37.30047988900003,-1.358513950999964],[37.300739288000045,-1.359200834999967],[37.301601410000046,-1.359437703999959],[37.30273819000007,-1.358095526999932],[37.30355835000006,-1.358048080999936],[37.30545425400004,-1.360535144999972],[37.30352783200004,-1.362564205999945],[37.30414962800006,-1.363314270999979],[37.30602264400005,-1.363416909999955],[37.30671691900005,-1.364901303999943],[37.307586670000035,-1.364703893999945],[37.30785369900008,-1.363535403999947],[37.30856323200004,-1.363622188999955],[37.307491302000074,-1.367375373999948],[37.30860137900004,-1.368388533999962],[37.30884933500005,-1.369414090999953],[37.31031799300007,-1.368635653999945],[37.311046600000054,-1.369006156999944],[37.31024551400003,-1.370699047999949],[37.31188964800003,-1.371366261999924],[37.312919617000034,-1.372795223999958],[37.31036377000004,-1.374815582999929],[37.30889511100003,-1.379135608999945],[37.30751800500008,-1.380938052999966],[37.30727386500007,-1.382857441999931],[37.30642700200008,-1.382960199999957],[37.30524826000004,-1.381779670999947],[37.30451583900003,-1.383865951999951],[37.30266571000004,-1.382385491999969],[37.300693512000066,-1.383116363999932],[37.29951095600006,-1.380444764999936],[37.297439575000055,-1.379695176999974],[37.29635620100004,-1.379890083999953],[37.295333862000064,-1.378730773999962],[37.293621063000046,-1.378443002999973],[37.29185485800008,-1.380239009999968],[37.29151153600003,-1.381322264999938],[37.28814697300004,-1.383959173999926],[37.28839874300007,-1.385095715999967],[37.286327362000065,-1.385397672999943],[37.28575515700004,-1.389650940999957],[37.28325653100006,-1.390666007999926],[37.28236770600006,-1.394180893999931],[37.28460311900005,-1.397691964999979],[37.28620147700008,-1.399094938999951],[37.289020538000045,-1.399627208999959],[37.29360961900005,-1.403896569999972],[37.29396057100007,-1.407384395999941],[37.29700851400003,-1.410563826999976],[37.30349350000006,-1.413373350999962],[37.30454635600006,-1.414646148999964],[37.30818939200003,-1.415560721999952],[37.305881500000055,-1.416620373999933],[37.30250549300007,-1.416753530999927],[37.29948806800007,-1.419093369999928],[37.29750442500006,-1.419618606999961],[37.296577454000044,-1.419344305999971],[37.29545593300003,-1.421858548999978],[37.293949127000076,-1.42248809299997],[37.293151855000076,-1.424085735999938],[37.29049301100008,-1.423295855999925],[37.29062652600004,-1.425134896999964],[37.290111542000034,-1.425901770999928],[37.28644180300006,-1.424434899999937],[37.28591537500006,-1.425055741999927],[37.286022186000025,-1.427167653999959],[37.284172058000024,-1.430217027999959],[37.282756805000076,-1.431452512999954],[37.282093048000036,-1.430734276999942],[37.280300140000065,-1.430506586999968],[37.280059814000026,-1.432415842999944],[37.27695846600005,-1.435265182999956],[37.275741577000076,-1.435220837999964],[37.27544021600005,-1.432036160999928],[37.27419662500006,-1.427812218999975],[37.27528762800006,-1.424129127999947],[37.27511215200008,-1.422562837999976],[37.27320098900003,-1.420788526999957],[37.27092742900004,-1.415994882999939],[37.26940536500007,-1.416233539999951],[37.26893615700004,-1.415372371999979],[37.26729583700006,-1.41474974199997],[37.26648712200006,-1.413317918999951],[37.265159607000044,-1.412695288999942],[37.25847625700004,-1.405764221999959],[37.25743103000008,-1.403533339999967],[37.256805420000035,-1.397359609999967],[37.25592422500006,-1.397992491999958],[37.25644302400008,-1.394900440999948],[37.25858306900005,-1.392202734999955],[37.260967255000025,-1.391652821999969],[37.26097869900008,-1.388695716999962],[37.26308441200007,-1.385852694999926],[37.26139450100004,-1.385167836999926],[37.259868622000056,-1.385281919999954],[37.257347107000044,-1.383974551999927],[37.25334167500006,-1.383798241999955],[37.24324417100007,-1.38703548899997],[37.240318298000034,-1.38920402499997],[37.23836898800005,-1.389421939999977],[37.235256195000034,-1.396571039999969],[37.23222732500005,-1.400742172999969],[37.22038650500008,-1.401178001999938],[37.21802139300007,-1.299920439999937],[37.221817017000035,-1.298540830999968],[37.22879028300008,-1.292860388999941],[37.24653625500008,-1.294209598999942],[37.24683380100004,-1.29473674299993],[37.24707031200006,-1.294980763999945]]]}},{"type":"Feature","properties":{"OBJECTID_1":328,"OBJECTID":782,"COUNTY_NAM":"MACHAKOS","CONST_CODE":79,"CONSTITUEN":"KATHIANI","COUNTY_ASS":391,"COUNTY_A_1":"KATHIANI CENTRAL","COUNTY_COD":16,"Shape_Leng":0.33163076473,"Shape_Le_1":0.33163076473,"Shape_Area":0.00252956356,"county_name":"MACHAKOS","ward_name":"KATHIANI CENTRAL","ward_code":391,"constituency_name":"KATHIANI","constituency_code":79,"source_file":"ward_391.geojson"},"geometry":{"type":"Polygon","coordinates":[[[37.31613540600006,-1.376628279999977],[37.31605529800004,-1.377332567999929],[37.31477356000005,-1.376665353999954],[37.313838959000066,-1.377582787999927],[37.31581115700004,-1.37961220699998],[37.316619873000036,-1.379630684999938],[37.316867828000056,-1.379130362999945],[37.31941604600007,-1.379176616999928],[37.31931686400003,-1.379834651999943],[37.31841659500003,-1.379862427999967],[37.31834411600005,-1.38200306899995],[37.32086181600005,-1.383939861999977],[37.319530487000065,-1.386293529999932],[37.321929932000046,-1.387776255999938],[37.32215118400006,-1.385663389999934],[37.324096680000025,-1.384709000999976],[37.32435607900004,-1.386182426999937],[37.32636642500006,-1.386659621999968],[37.32776641800007,-1.38894856],[37.32973098800005,-1.38934695699993],[37.33054733300003,-1.390644311999949],[37.332252502000074,-1.391589521999947],[37.332603455000026,-1.393118619999939],[37.33407592800006,-1.394295453999973],[37.33456802400008,-1.396297096999945],[37.333122253000056,-1.403108238999948],[37.33510589600007,-1.403200864999974],[37.33580017100007,-1.405934571999978],[37.336940765000065,-1.406963228999928],[37.340026855000076,-1.40754699699994],[37.33980560300006,-1.410753368999963],[37.340991974000076,-1.410410522999939],[37.34212875400004,-1.408362507999925],[37.343334198000036,-1.409372567999981],[37.34323501600005,-1.41016960099995],[37.34089660600006,-1.412838339999951],[37.34107589700005,-1.414923428999941],[37.34226989700005,-1.41809213199997],[37.33991241500007,-1.417335628999979],[37.33898544300007,-1.416209458999958],[37.33621215800008,-1.41682887099995],[37.33187103300003,-1.419964432999961],[37.33191680900006,-1.421279787999936],[37.33121109000007,-1.421830415999978],[37.32955551100008,-1.421235680999928],[37.32879638700007,-1.422480105999966],[37.327423096000075,-1.422443508999947],[37.324401855000076,-1.427384852999978],[37.321842194000055,-1.427677750999976],[37.321300507000046,-1.429700016999959],[37.31905746500007,-1.432673930999954],[37.316787720000036,-1.434010028999978],[37.31575393700007,-1.433250426999962],[37.314235687000064,-1.435117244999958],[37.314445496000076,-1.435812711999972],[37.312881470000036,-1.436709403999942],[37.31079483000008,-1.435803532999955],[37.30859756500007,-1.437276720999932],[37.30679702800006,-1.437642812999968],[37.30645752000004,-1.438612818999957],[37.30479431200007,-1.438374876999944],[37.30479431200007,-1.439116000999945],[37.303466797000056,-1.440333127999963],[37.30295181300005,-1.44322466899996],[37.301719666000054,-1.444057464999958],[37.300556183000026,-1.446418284999936],[37.29883575400004,-1.447461485999952],[37.298515320000035,-1.448403954999947],[37.29596328700006,-1.448742508999942],[37.295158386000026,-1.449804067999935],[37.29324340800008,-1.447379111999965],[37.29234695400004,-1.44736087299998],[37.29032516500007,-1.446022033999952],[37.28786087000003,-1.445581912999955],[37.28554153400006,-1.446365594999975],[37.28417968700006,-1.447721361999925],[37.28182601900005,-1.446830033999959],[37.280426025000054,-1.446979879999958],[37.27959823600003,-1.446533679999959],[37.281375885000045,-1.440840959999946],[37.27665329000007,-1.437555789999976],[37.275741577000076,-1.435220837999964],[37.27715301500007,-1.435223340999926],[37.27792739900008,-1.434647798999947],[37.27913665800003,-1.432820677999928],[37.280059814000026,-1.432415842999944],[37.280300140000065,-1.430506586999968],[37.282093048000036,-1.430734276999942],[37.282756805000076,-1.431452512999954],[37.28335571300005,-1.431111692999934],[37.286022186000025,-1.427167653999959],[37.28591537500006,-1.425055741999927],[37.28644180300006,-1.424434899999937],[37.290111542000034,-1.425901770999928],[37.29062652600004,-1.425134896999964],[37.29049301100008,-1.423295855999925],[37.293151855000076,-1.424085735999938],[37.293949127000076,-1.42248809299997],[37.29545593300003,-1.421858548999978],[37.296577454000044,-1.419344305999971],[37.29750442500006,-1.419618606999961],[37.29948806800007,-1.419093369999928],[37.30250549300007,-1.416753530999927],[37.305881500000055,-1.416620373999933],[37.30818939200003,-1.415560721999952],[37.30437851000005,-1.414562582999963],[37.30349350000006,-1.413373350999962],[37.29700851400003,-1.410563826999976],[37.29515457200006,-1.408841609999968],[37.29396057100007,-1.407384395999941],[37.29360961900005,-1.403896569999972],[37.289020538000045,-1.399627208999959],[37.28620147700008,-1.399094938999951],[37.28282165500008,-1.395397424999942],[37.282356262000064,-1.394323706999955],[37.283130646000075,-1.390842198999962],[37.285537720000036,-1.389936208999927],[37.286327362000065,-1.385397672999943],[37.28839874300007,-1.385095715999967],[37.28814697300004,-1.383959173999926],[37.29151153600003,-1.381322264999938],[37.29185485800008,-1.380239009999968],[37.293621063000046,-1.378443002999973],[37.295333862000064,-1.378730773999962],[37.29635620100004,-1.379890083999953],[37.297439575000055,-1.379695176999974],[37.29951095600006,-1.380444764999936],[37.300693512000066,-1.383116363999932],[37.30266571000004,-1.382385491999969],[37.30451583900003,-1.383865951999951],[37.30524826000004,-1.381779670999947],[37.30642700200008,-1.382960199999957],[37.30727386500007,-1.382857441999931],[37.30751800500008,-1.380938052999966],[37.30889511100003,-1.379135608999945],[37.31036377000004,-1.374815582999929],[37.312919617000034,-1.372795223999958],[37.31369018600003,-1.374673008999935],[37.31578445400004,-1.375581144999956],[37.31613540600006,-1.376387357999931],[37.31613540600006,-1.376628279999977]]]}},{"type":"Feature","properties":{"OBJECTID_1":340,"OBJECTID":845,"COUNTY_NAM":"MACHAKOS","CONST_CODE":79,"CONSTITUEN":"KATHIANI","COUNTY_ASS":392,"COUNTY_A_1":"UPPER KAEWA/IVETI","COUNTY_COD":16,"Shape_Leng":0.29598268795,"Shape_Le_1":0.29598268795,"Shape_Area":0.00285701841,"county_name":"MACHAKOS","ward_name":"UPPER KAEWA/IVETI","ward_code":392,"constituency_name":"KATHIANI","constituency_code":79,"source_file":"ward_392.geojson"},"geometry":{"type":"Polygon","coordinates":[[[37.32298660300006,-1.431509613999936],[37.322727203000056,-1.43244290399997],[37.32316970800008,-1.432826637999938],[37.32405853300003,-1.43251264099996],[37.32512283300008,-1.433332561999976],[37.32649231000005,-1.432774304999953],[37.32725143400006,-1.43505954699998],[37.32686996500007,-1.435739874999968],[37.32600402800006,-1.43585324299994],[37.325778961000026,-1.43701326799993],[37.324367523000035,-1.438208221999958],[37.32405853300003,-1.439333438999938],[37.32300567600004,-1.439882993999959],[37.32137298600003,-1.443668364999951],[37.32146835300006,-1.445107459999974],[37.319744110000045,-1.447593330999951],[37.320343018000074,-1.448570131999929],[37.319847107000044,-1.450018047999947],[37.31800842300004,-1.451230406999969],[37.318172455000024,-1.454361676999952],[37.31977081300005,-1.456943392999961],[37.31944656400003,-1.457828640999935],[37.34514236500007,-1.456248998999968],[37.34542846700003,-1.457026481999947],[37.34667968700006,-1.45769119299996],[37.34807205200008,-1.461284279999973],[37.35082244900008,-1.463167547999944],[37.34987258900003,-1.464281677999963],[37.35117340100004,-1.470744728999932],[37.35131454500004,-1.474310278999951],[37.35219574000007,-1.476436852999939],[37.350460052000074,-1.475768684999935],[37.34691238400006,-1.476292490999924],[37.346099854000045,-1.47764241699997],[37.34423065200008,-1.478259682999976],[37.34391021700003,-1.479889511999943],[37.341388702000074,-1.479459046999978],[37.34011077900004,-1.482265710999968],[37.335807800000055,-1.483929037999928],[37.335426331000065,-1.485324620999961],[37.33399581900005,-1.486189364999973],[37.332843781000065,-1.489244102999976],[37.331741333000025,-1.493817686999932],[37.331909180000025,-1.498951434999981],[37.329479218000074,-1.501500725999961],[37.322414398000035,-1.505743741999936],[37.31979751600005,-1.503766893999966],[37.31836700400004,-1.503525614999944],[37.315303802000074,-1.500720262999948],[37.31428909300007,-1.49780809899994],[37.31047058100006,-1.498707532999958],[37.30843353300003,-1.50171434899994],[37.30500030500008,-1.504546522999931],[37.30416488600008,-1.504604696999934],[37.30018615700004,-1.502044081999941],[37.29970169100005,-1.500259279999966],[37.30036163300008,-1.49956107099996],[37.298046112000065,-1.496918439999945],[37.29535675000005,-1.496997355999952],[37.29379653900003,-1.494887232999929],[37.29227066000004,-1.494341849999955],[37.29249954200003,-1.482457518999979],[37.293487549000076,-1.48053932199997],[37.29217147800006,-1.479213118999951],[37.29261016800007,-1.478703021999934],[37.291866302000074,-1.477468490999968],[37.290336609000065,-1.469602226999939],[37.283184052000024,-1.452155708999953],[37.28047943100006,-1.452930569999978],[37.280570984000065,-1.450339674999952],[37.27962112400007,-1.448441981999963],[37.27959823600003,-1.446533679999959],[37.28400039700006,-1.447743892999938],[37.28554153400006,-1.446365594999975],[37.28765487700008,-1.445619344999955],[37.29032516500007,-1.446022033999952],[37.29234695400004,-1.44736087299998],[37.29324340800008,-1.447379111999965],[37.29459762600004,-1.449511169999937],[37.29546737700008,-1.449785708999968],[37.29596328700006,-1.448742508999942],[37.29867172200005,-1.448330759999976],[37.29883575400004,-1.447461485999952],[37.300556183000026,-1.446418284999936],[37.301719666000054,-1.444057464999958],[37.30295181300005,-1.44322466899996],[37.303466797000056,-1.440333127999963],[37.30479431200007,-1.439116000999945],[37.30479431200007,-1.438374876999944],[37.30645752000004,-1.438612818999957],[37.30679702800006,-1.437642812999968],[37.30859756500007,-1.437276720999932],[37.31079483000008,-1.435803532999955],[37.312881470000036,-1.436709403999942],[37.314445496000076,-1.435812711999972],[37.314235687000064,-1.435117244999958],[37.31575393700007,-1.433250426999962],[37.317028046000075,-1.433955072999936],[37.31925201400003,-1.432518362999929],[37.31998443600003,-1.431263565999927],[37.320415497000056,-1.43167531499995],[37.32137298600003,-1.431029915999943],[37.32295227100008,-1.43130898499993],[37.32298660300006,-1.431509613999936]]]}},{"type":"Feature","properties":{"OBJECTID_1":342,"OBJECTID":851,"COUNTY_NAM":"MACHAKOS","CONST_CODE":79,"CONSTITUEN":"KATHIANI","COUNTY_ASS":393,"COUNTY_A_1":"LOWER KAEWA/KAANI","COUNTY_COD":16,"Shape_Leng":0.52570354054,"Shape_Le_1":0.52570354054,"Shape_Area":0.00401371288,"county_name":"MACHAKOS","ward_name":"LOWER KAEWA/KAANI","ward_code":393,"constituency_name":"KATHIANI","constituency_code":79,"source_file":"ward_393.geojson"},"geometry":{"type":"Polygon","coordinates":[[[37.33968734700005,-1.416849970999976],[37.34020233200005,-1.417497515999969],[37.34226989700005,-1.41809213199997],[37.34277343700006,-1.419013857999971],[37.34382247900004,-1.419092773999978],[37.344760895000036,-1.421700953999959],[37.34729003900003,-1.423914312999955],[37.35483932500006,-1.425460576999967],[37.35561370800008,-1.427431344999945],[37.35667419400005,-1.428393959999937],[37.357349396000075,-1.428318142999956],[37.357841492000034,-1.427142500999935],[37.35915374800004,-1.426830768999935],[37.359748840000066,-1.429177998999933],[37.358886719000054,-1.431796788999975],[37.36152267500006,-1.43351602599995],[37.358863831000065,-1.434432863999973],[37.35934448200004,-1.436003088999939],[37.36339187600004,-1.435086130999935],[37.36599350000006,-1.436071753999954],[37.36486053500005,-1.437011599999948],[37.36435318000008,-1.438295244999949],[37.36513519300007,-1.439796685999966],[37.36429595900006,-1.441401242999973],[37.36489486700003,-1.442833780999933],[37.364044189000026,-1.444621800999926],[37.364284515000065,-1.446604608999962],[37.36193466200007,-1.450558542999943],[37.36395263700007,-1.452782034999927],[37.36651992800006,-1.452644466999971],[37.367919922000056,-1.453194617999941],[37.36848068200004,-1.454088568999964],[37.36803436300005,-1.455440997999972],[37.368526459000066,-1.458317756999975],[37.366794586000026,-1.458168744999966],[37.367424011000026,-1.46025323899994],[37.363956451000035,-1.46049678299994],[37.36484527600004,-1.461886405999962],[37.36660766600005,-1.463132738999946],[37.36699295000005,-1.465883492999978],[37.36593627900004,-1.467101215999946],[37.36804199200003,-1.468848824999952],[37.36752319300007,-1.470754384999964],[37.37007522600004,-1.471384763999936],[37.36832809400005,-1.472989320999943],[37.36980056800007,-1.474355697999954],[37.36874389600007,-1.475698708999971],[37.369155884000065,-1.477292537999972],[37.36779403700007,-1.478331207999929],[37.36946106000005,-1.481053232999955],[37.36518096900005,-1.483273744999963],[37.36480331400003,-1.484008073999974],[37.36634445200008,-1.485368966999943],[37.36569976800007,-1.487535833999971],[37.366954803000056,-1.488001465999957],[37.36883544900007,-1.487804531999927],[37.36799240100004,-1.489416241999948],[37.36869049100005,-1.491009950999967],[37.36742019700006,-1.492299317999937],[37.368995667000036,-1.493230580999978],[37.36922836300005,-1.494233369999961],[37.366970062000064,-1.495307921999938],[37.368206024000074,-1.496722578999936],[37.370838165000066,-1.495898842999964],[37.371555328000056,-1.499963998999931],[37.374065399000074,-1.502486347999934],[37.37807083100006,-1.504133581999952],[37.37900543200004,-1.506782173999966],[37.37855529800004,-1.508881568999925],[37.382301331000065,-1.512208342999941],[37.38436889600007,-1.516213535999953],[37.38724136400003,-1.517343878999952],[37.38671493500004,-1.519691347999981],[37.38396453900003,-1.51950895799996],[37.38257598900003,-1.518057941999928],[37.38158416700003,-1.519272326999953],[37.37958908100006,-1.518904447999944],[37.37820816000004,-1.520426272999941],[37.37785720800008,-1.519993066999973],[37.37669372600004,-1.520584821999933],[37.376506805000076,-1.522709130999942],[37.372161865000066,-1.525805592999973],[37.37201309200003,-1.527513026999941],[37.37118911700003,-1.528804659999935],[37.36465454100005,-1.532290338999928],[37.36511993400006,-1.535231470999975],[37.36345672600004,-1.535495995999952],[37.36230468700006,-1.533146261999946],[37.36051559400005,-1.532803892999937],[37.358489990000066,-1.541158198999938],[37.35510635400004,-1.541393041999925],[37.35440444900007,-1.543670415999941],[37.354965210000046,-1.545572041999947],[37.354072571000074,-1.547074675999966],[37.35276031500007,-1.546699046999947],[37.35005188000008,-1.548356294999962],[37.34957504300007,-1.53957414599995],[37.35028839100005,-1.537778138999954],[37.35259246800007,-1.534770845999958],[37.353729248000036,-1.531551718999936],[37.35403823900003,-1.528683423999951],[37.35490417500006,-1.527300953999941],[37.356494904000044,-1.526331066999944],[37.356987,-1.52503109],[37.35663604700005,-1.522596120999936],[37.355213165000066,-1.521688222999956],[37.353687286000024,-1.522616743999947],[37.35377121000005,-1.523545383999931],[37.35259246800007,-1.522658109999952],[37.35069656400003,-1.522534250999968],[37.34821701000004,-1.524577140999952],[37.34702301000004,-1.523545383999931],[37.34522628800005,-1.523215174999962],[37.344650269000056,-1.52420568499997],[37.34605026200006,-1.525877117999926],[37.34619522100007,-1.527920007999967],[37.34270858800005,-1.525443791999976],[37.34192657500006,-1.526578664999931],[37.34417343100006,-1.530127882999977],[37.34223556500007,-1.530024766999929],[37.34072876000005,-1.528766035999979],[37.33768463100006,-1.53194403599997],[37.33345413200004,-1.529645561999928],[37.33042526200006,-1.526872753999953],[37.33210372900004,-1.520925878999947],[37.33527755700004,-1.519612550999966],[37.33965301500007,-1.516693829999952],[37.33832168600003,-1.513692497999955],[37.33235549900007,-1.514337539999929],[37.33174514800004,-1.512888550999946],[37.33061218300003,-1.513297199999954],[37.32860565200008,-1.510362028999964],[37.322414398000035,-1.505743741999936],[37.329479218000074,-1.501500725999961],[37.331909180000025,-1.498951434999981],[37.331741333000025,-1.493817686999932],[37.332843781000065,-1.489244102999976],[37.33399581900005,-1.486189364999973],[37.335426331000065,-1.485324620999961],[37.335807800000055,-1.483929037999928],[37.34011077900004,-1.482265710999968],[37.341388702000074,-1.479459046999978],[37.34391021700003,-1.479889511999943],[37.34423065200008,-1.478259682999976],[37.346099854000045,-1.47764241699997],[37.34691238400006,-1.476292490999924],[37.350460052000074,-1.475768684999935],[37.35219574000007,-1.476436852999939],[37.35131454500004,-1.474310278999951],[37.35117340100004,-1.470744728999932],[37.34987258900003,-1.464281677999963],[37.35082244900008,-1.463167547999944],[37.34807205200008,-1.461284279999973],[37.34667968700006,-1.45769119299996],[37.34542846700003,-1.457026481999947],[37.34514236500007,-1.456248998999968],[37.31944656400003,-1.457828640999935],[37.31977081300005,-1.456943392999961],[37.31826019300007,-1.454632162999928],[37.31779861500007,-1.452285766999978],[37.31842422500006,-1.450541495999971],[37.319847107000044,-1.450018047999947],[37.320343018000074,-1.448570131999929],[37.319744110000045,-1.447593330999951],[37.32146835300006,-1.445107459999974],[37.32137298600003,-1.443668364999951],[37.32300567600004,-1.439882993999959],[37.32405853300003,-1.439333438999938],[37.324367523000035,-1.438208221999958],[37.325778961000026,-1.43701326799993],[37.32600402800006,-1.43585324299994],[37.32686996500007,-1.435739874999968],[37.32725143400006,-1.43505954699998],[37.32649231000005,-1.432774304999953],[37.32512283300008,-1.433332561999976],[37.32405853300003,-1.43251264099996],[37.32316970800008,-1.432826637999938],[37.32249832200006,-1.431038617999946],[37.31998825100004,-1.431518315999938],[37.321300507000046,-1.429700016999959],[37.321842194000055,-1.427677750999976],[37.324401855000076,-1.427384852999978],[37.327423096000075,-1.422443508999947],[37.32879638700007,-1.422480105999966],[37.32955551100008,-1.421235680999928],[37.33121109000007,-1.421830415999978],[37.33191680900006,-1.421279787999936],[37.33167266800007,-1.420176147999939],[37.335067749000075,-1.417495369999926],[37.33869552600004,-1.416258692999975],[37.33968734700005,-1.416645764999942],[37.33968734700005,-1.416849970999976]]]}},{"type":"Feature","properties":{"OBJECTID_1":330,"OBJECTID":798,"COUNTY_NAM":"MACHAKOS","CONST_CODE":80,"CONSTITUEN":"MAVOKO","COUNTY_ASS":394,"COUNTY_A_1":"ATHI RIVER","COUNTY_COD":16,"Shape_Leng":0.54361195952,"Shape_Le_1":0.54361195923,"Shape_Area":0.00583282332,"county_name":"MACHAKOS","ward_name":"ATHI RIVER","ward_code":394,"constituency_name":"MAVOKO","constituency_code":80,"source_file":"ward_394.geojson"},"geometry":{"type":"Polygon","coordinates":[[[36.94000280000006,-1.430498604999968],[36.94379806500007,-1.430966019999971],[36.947502136000026,-1.433184980999954],[36.95006561300005,-1.435550689999957],[36.95577621500007,-1.434979676999944],[36.95665741000005,-1.435811757999943],[36.95778274500003,-1.440363883999964],[36.95977020300006,-1.441897510999979],[36.96103286700003,-1.442142605999948],[36.96325683600003,-1.430240988999969],[36.98680877700008,-1.433966397999939],[36.98756408700007,-1.433043360999932],[36.991809845000034,-1.432621001999962],[36.99265289300007,-1.431506871999943],[36.99339294400005,-1.428281068999979],[36.991962433000026,-1.42818725099994],[36.99181366000005,-1.426787852999951],[36.99398040800003,-1.425436615999956],[36.99606323200004,-1.425370931999964],[36.99575424200003,-1.424179195999955],[36.996219635000045,-1.420910953999965],[36.99569702100007,-1.419976591999955],[36.99608230600006,-1.419083594999961],[36.99994659400005,-1.420059680999941],[37.00124359100005,-1.421191453999938],[37.00578308100006,-1.421003102999976],[37.00593566900005,-1.423204183999928],[37.00485611000005,-1.426318644999981],[37.005035400000054,-1.429028868999978],[37.00997543300008,-1.438252567999939],[37.00903320300006,-1.443059086999938],[37.010814667000034,-1.444271921999928],[37.01445388800005,-1.443897604999961],[37.01575470000006,-1.445095419999973],[37.015743256000064,-1.447131871999943],[37.01479721100003,-1.448254823999946],[37.01084137000004,-1.44790864],[37.00963974000007,-1.448683499999959],[37.00917816200007,-1.453299045999927],[37.00628280600006,-1.457633852999948],[37.00738143900003,-1.462990641999966],[37.00378799400005,-1.470750689999932],[37.003665924000074,-1.474333047999949],[37.001441956000065,-1.475310086999969],[36.99908447300004,-1.475220083999943],[36.998779297000056,-1.477645992999953],[36.99438858000008,-1.48556315899998],[36.99471664400005,-1.489415168999926],[36.993221283000025,-1.49048197299993],[36.99152755700004,-1.490392207999946],[36.98836898800005,-1.489010810999957],[36.98753738400006,-1.489055752999946],[36.98687744100005,-1.489875554999969],[36.98659515400004,-1.492896437999946],[36.98848342900004,-1.497354864999977],[36.98767471300005,-1.498781084999962],[36.98585510300006,-1.499814271999981],[36.98453903200004,-1.501599788999954],[36.98450851400003,-1.503857016999973],[36.98585128800005,-1.509244799999976],[36.984764099000074,-1.511075376999941],[36.98057937600004,-1.514344095999945],[36.976387024000076,-1.515368341999931],[36.975677490000066,-1.514744519999965],[36.97434616100003,-1.514757990999954],[36.973674774000074,-1.513374804999955],[36.972827911000024,-1.513212084999964],[36.97207641600005,-1.512120365999977],[36.96799469000007,-1.511076211999978],[36.96304321300005,-1.512059330999932],[36.962650299000074,-1.512531280999951],[36.96272659300007,-1.510796188999962],[36.963352203000056,-1.509913086999973],[36.967807770000036,-1.506596683999931],[36.97039794900007,-1.50194597199993],[36.973724365000066,-1.499679445999959],[36.97432708700006,-1.498685240999976],[36.97411727900004,-1.496016382999926],[36.971393585000044,-1.49253654499995],[36.97079467800006,-1.489292144999979],[36.97558212300004,-1.478250622999951],[36.97762298600003,-1.474849223999968],[36.94739532500006,-1.459227680999959],[36.94973373400006,-1.455262302999927],[36.943813324000075,-1.452682613999969],[36.940860748000034,-1.452482103999955],[36.93816375700004,-1.453247785999963],[36.93657684300007,-1.452846765999937],[36.93320465100004,-1.454414724999936],[36.93064880400004,-1.456930756999952],[36.92734909100005,-1.455362796999964],[36.925197601000036,-1.456620811999926],[36.923282623000034,-1.456310867999946],[36.922447205000026,-1.456693768999969],[36.92058563200004,-1.459045767999953],[36.92058563200004,-1.461689471999932],[36.918907166000054,-1.461671232999947],[36.91621017500006,-1.462874531999944],[36.915153503000056,-1.463950275999935],[36.91194534300007,-1.465062498999942],[36.90889740000006,-1.467122673999938],[36.90805435200008,-1.468663334999974],[36.90658187900004,-1.468459128999939],[36.90477752700008,-1.470731138999952],[36.90275955200008,-1.471845268999971],[36.90039825400004,-1.472317337999925],[36.89990615800008,-1.473676800999954],[36.898284912000065,-1.474337696999953],[36.896903992000034,-1.476471304999961],[36.892051697000056,-1.479454755999939],[36.89087295500008,-1.481189488999974],[36.88955688500005,-1.481961249999927],[36.88872528100006,-1.483838557999945],[36.884071350000056,-1.484693765999964],[36.87829589800003,-1.475954055999978],[36.88986206100003,-1.41225230699996],[36.93135833700006,-1.430459022999969],[36.938502192000044,-1.430491733999929],[36.94000280000006,-1.430498604999968]]]}},{"type":"Feature","properties":{"OBJECTID_1":317,"OBJECTID":735,"COUNTY_NAM":"MACHAKOS","CONST_CODE":80,"CONSTITUEN":"MAVOKO","COUNTY_ASS":395,"COUNTY_A_1":"KINANIE","COUNTY_COD":16,"Shape_Leng":1.01437898593,"Shape_Le_1":1.01437898593,"Shape_Area":0.03137617788,"county_name":"MACHAKOS","ward_name":"KINANIE","ward_code":395,"constituency_name":"MAVOKO","constituency_code":80,"source_file":"ward_395.geojson"},"geometry":{"type":"Polygon","coordinates":[[[37.04713821400003,-1.362281321999944],[37.11433792100007,-1.45915699],[37.124195099000076,-1.452686666999966],[37.12519073500005,-1.451108455999929],[37.12744903600003,-1.451169251999943],[37.13578796400003,-1.447672843999953],[37.143692017000035,-1.430944680999971],[37.15807724000007,-1.428431868999951],[37.16142272900004,-1.430377482999973],[37.165702820000035,-1.436113595999927],[37.16683197000003,-1.436682223999981],[37.170597076000035,-1.443112492999944],[37.176490784000066,-1.446808337999926],[37.180778503000056,-1.453364014999977],[37.18252944900007,-1.454375743999947],[37.18524551400003,-1.454852461999963],[37.18652343700006,-1.45577216099997],[37.187244415000066,-1.457026481999947],[37.18714904800004,-1.458199858999933],[37.18640136700003,-1.456788777999975],[37.18444824200003,-1.456665157999964],[37.179599762000066,-1.459089397999946],[37.17942047100007,-1.465183495999952],[37.18483734100005,-1.46392691099993],[37.18429184000007,-1.469620584999973],[37.18551254300007,-1.471666812999956],[37.186660767000035,-1.472278475999929],[37.186470032000045,-1.474391340999944],[37.187347412000065,-1.474947332999932],[37.18941879300007,-1.474836229999937],[37.18746185300006,-1.478465795999966],[37.182563782000045,-1.480783819999942],[37.178905487000065,-1.480704307999929],[37.176235199000075,-1.483397244999935],[37.17222213700006,-1.482431411999926],[37.169395447000056,-1.482954143999962],[37.16875839200003,-1.483760952999944],[37.16857528700007,-1.486533402999953],[37.16774749800004,-1.48886287199997],[37.16189575200008,-1.49444198599997],[37.16019058200004,-1.496975898999949],[37.162929535000046,-1.499862074999953],[37.16011047400008,-1.501850604999959],[37.15924835200008,-1.504338979999943],[37.155769348000035,-1.504009484999926],[37.153156281000065,-1.504418611999938],[37.15029144300007,-1.503464102999942],[37.14793014500003,-1.503350495999939],[37.14586257900004,-1.504429935999951],[37.141403198000035,-1.508142828999951],[37.14347457900004,-1.531275629999925],[37.153953552000075,-1.531542181999953],[37.16690826400003,-1.530845045999968],[37.17104339600007,-1.531407594999962],[37.176681519000056,-1.553043961999947],[37.16570663500005,-1.574799060999965],[37.139690399000074,-1.561642169999971],[37.02892303500005,-1.622812151999938],[37.006481171000075,-1.592714309999963],[37.000389099000074,-1.597291469999959],[36.99082946800007,-1.584927796999978],[36.99595642100007,-1.580977320999978],[36.98463058500005,-1.564629077999939],[36.977630615000066,-1.553071975999956],[36.97521591200007,-1.552021264999951],[36.97429275500008,-1.554900049999958],[36.97353363000008,-1.554900049999958],[36.96800994900008,-1.554164647999926],[36.96435165400004,-1.552189349999935],[36.96197891200006,-1.549520730999973],[36.95926666300005,-1.544561624999972],[36.95718765300006,-1.542334317999973],[36.95628356900005,-1.538551926999958],[36.95727157600004,-1.532731294999962],[36.95886611900005,-1.529558300999952],[36.961311340000066,-1.530007481999974],[36.962863922000054,-1.52661263899995],[36.96341323900003,-1.518567084999972],[36.96280670200008,-1.512276410999959],[36.968292236000025,-1.511110066999947],[36.97207641600005,-1.512120365999977],[36.972827911000024,-1.513212084999964],[36.973674774000074,-1.513374804999955],[36.97434616100003,-1.514757990999954],[36.975677490000066,-1.514744519999965],[36.976387024000076,-1.515368341999931],[36.97838974000007,-1.515136718999941],[36.98241043100006,-1.513273596999966],[36.984764099000074,-1.511075376999941],[36.98585128800005,-1.509244799999976],[36.98450851400003,-1.503857016999973],[36.98453903200004,-1.501599788999954],[36.98843765300006,-1.49768054499998],[36.98659515400004,-1.492896437999946],[36.98687744100005,-1.489875554999969],[36.98753738400006,-1.489055752999946],[36.98836898800005,-1.489010810999957],[36.99225616500007,-1.49053812],[36.99430084200003,-1.490010380999934],[36.99486160300006,-1.48890972099997],[36.99453353900003,-1.485113977999959],[36.998779297000056,-1.477645992999953],[36.99908447300004,-1.475220083999943],[37.001441956000065,-1.475310086999969],[37.003665924000074,-1.474333047999949],[37.00378799400005,-1.470750689999932],[37.00738143900003,-1.462990641999966],[37.00628280600006,-1.457633852999948],[37.00917816200007,-1.453299045999927],[37.00963974000007,-1.448683499999959],[37.01084137000004,-1.44790864],[37.01479721100003,-1.448254823999946],[37.015830994000055,-1.446802377999973],[37.01575470000006,-1.445095419999973],[37.01445388800005,-1.443897604999961],[37.010814667000034,-1.444271921999928],[37.00903320300006,-1.443059086999938],[37.00997543300008,-1.438252567999939],[37.005035400000054,-1.429028868999978],[37.004932404000044,-1.425809621999974],[37.006008148000035,-1.422575354999935],[37.005706787000065,-1.420886158999963],[37.00927352900004,-1.420431613999938],[37.01334762600004,-1.416226028999972],[37.01158142100007,-1.411638140999969],[37.01271438600003,-1.410926222999933],[37.009578705000024,-1.409634232999963],[37.00933837900004,-1.408170818999963],[37.01502227800006,-1.40350377599998],[37.020294189000026,-1.404255270999954],[37.024383545000035,-1.402238130999933],[37.025779724000074,-1.400867223999967],[37.02381515500008,-1.395923256999936],[37.020519257000046,-1.393180965999932],[37.01958465600006,-1.38887000099993],[37.01848983800005,-1.38666832399997],[37.01892471300005,-1.385389446999966],[37.01979446400003,-1.384664415999964],[37.02397537200005,-1.384123801999976],[37.02903747600004,-1.386338710999951],[37.03129196200007,-1.384901642999978],[37.03367614700005,-1.384558915999946],[37.03734207200006,-1.380432486999951],[37.04190444900007,-1.378428577999955],[37.04156112700008,-1.376938819999964],[37.03818512000004,-1.372944116999975],[37.03661727900004,-1.36843526399997],[37.036869049000074,-1.367512464999948],[37.03878021200006,-1.366022705999967],[37.04190444900007,-1.365680098999974],[37.042881012000066,-1.362423538999963],[37.04225921600005,-1.360617398999978],[37.042152405000024,-1.357400655999925],[37.042758942000034,-1.355950355999937],[37.04713821400003,-1.362281321999944]]]}},{"type":"Feature","properties":{"OBJECTID_1":339,"OBJECTID":836,"COUNTY_NAM":"MACHAKOS","CONST_CODE":80,"CONSTITUEN":"MAVOKO","COUNTY_ASS":396,"COUNTY_A_1":"MUTHWANI","COUNTY_COD":16,"Shape_Leng":1.09476342078,"Shape_Le_1":1.0947634208,"Shape_Area":0.02932680368,"county_name":"MACHAKOS","ward_name":"MUTHWANI","ward_code":396,"constituency_name":"MAVOKO","constituency_code":80,"source_file":"ward_396.geojson"},"geometry":{"type":"Polygon","coordinates":[[[37.10233306900005,-1.269314527999939],[37.10316848800005,-1.26936245],[37.10321426400003,-1.270092248999958],[37.104328156000065,-1.270668267999952],[37.10529708900003,-1.273337482999978],[37.12910461400003,-1.298368095999933],[37.14462280300006,-1.297916531999931],[37.168979645000036,-1.345246672999963],[37.219257355000025,-1.34667396499998],[37.21891021700003,-1.348616241999935],[37.219402313000046,-1.359174608999979],[37.21013641400003,-1.359041094999952],[37.20788574200003,-1.359881519999931],[37.199489594000056,-1.371710180999969],[37.19812011700003,-1.372944950999965],[37.19719696000004,-1.37669062599997],[37.197238922000054,-1.378143310999974],[37.19851303100006,-1.37971007799996],[37.198078156000065,-1.383715152999969],[37.19457244900008,-1.39130008199993],[37.18687439000007,-1.399621605999926],[37.19076538100006,-1.405110477999926],[37.19251632700008,-1.406085848999965],[37.19261169400005,-1.406760215999952],[37.194831848000035,-1.40732049899998],[37.197383881000064,-1.412996172999954],[37.19895172100007,-1.414127230999952],[37.201927185000045,-1.419750928999974],[37.19761276200006,-1.420981525999935],[37.19549179100005,-1.416578530999971],[37.19282150300006,-1.420447349999961],[37.18920898400006,-1.424219369999946],[37.18948745700004,-1.425220250999928],[37.19580078100006,-1.431447743999968],[37.19140625000006,-1.434964656999966],[37.19034957900004,-1.436549305999961],[37.19100189200003,-1.438926338999977],[37.19379806500007,-1.441345095999964],[37.19466018700007,-1.443875073999948],[37.19618988000008,-1.445695995999927],[37.19653701800007,-1.447781085999964],[37.19454956100003,-1.452715873999978],[37.191547394000054,-1.45328581299998],[37.18862533600003,-1.455134629999975],[37.188209534000066,-1.454189419999977],[37.187889099000074,-1.454397916999938],[37.187683105000076,-1.455037354999945],[37.18896102900004,-1.458317875999967],[37.18837738000008,-1.45945775499996],[37.18738937400008,-1.45958292499995],[37.187244415000066,-1.457026481999947],[37.18652343700006,-1.45577216099997],[37.18524551400003,-1.454852461999963],[37.18252944900007,-1.454375743999947],[37.180778503000056,-1.453364014999977],[37.176490784000066,-1.446808337999926],[37.170597076000035,-1.443112492999944],[37.16683197000003,-1.436682223999981],[37.165702820000035,-1.436113595999927],[37.16163253800005,-1.430594801999973],[37.15759277300003,-1.428431868999951],[37.14336395300006,-1.431175350999979],[37.13578796400003,-1.447672843999953],[37.12744903600003,-1.451169251999943],[37.12519073500005,-1.451108455999929],[37.124195099000076,-1.452686666999966],[37.11433792100007,-1.45915699],[37.042758942000034,-1.355950355999937],[37.042152405000024,-1.357400655999925],[37.04225921600005,-1.360617398999978],[37.042881012000066,-1.362423538999963],[37.04190444900007,-1.365680098999974],[37.03878021200006,-1.366022705999967],[37.036869049000074,-1.367512464999948],[37.03661727900004,-1.36843526399997],[37.03818512000004,-1.372944116999975],[37.04156112700008,-1.376938819999964],[37.04190444900007,-1.378428577999955],[37.03734207200006,-1.380432486999951],[37.03367614700005,-1.384558915999946],[37.03129196200007,-1.384901642999978],[37.02903747600004,-1.386338710999951],[37.02397537200005,-1.384123801999976],[37.01979446400003,-1.384664415999964],[37.01860809300007,-1.38575863799997],[37.020519257000046,-1.393180965999932],[37.02381515500008,-1.395923256999936],[37.02585983300003,-1.400603413999932],[37.024383545000035,-1.402238130999933],[37.020294189000026,-1.404255270999954],[37.01502227800006,-1.40350377599998],[37.00933837900004,-1.408170818999963],[37.009578705000024,-1.409634232999963],[37.01271438600003,-1.410926222999933],[37.01158142100007,-1.411638140999969],[37.01334762600004,-1.416226028999972],[37.01183319100005,-1.418229937999968],[37.00881195100004,-1.420616149999944],[37.00664901700003,-1.42049753699996],[37.00380706800007,-1.421264171999951],[37.00124359100005,-1.421191453999938],[36.99994659400005,-1.420059680999941],[36.99608230600006,-1.419083594999961],[36.99569702100007,-1.419976591999955],[36.996219635000045,-1.420910953999965],[36.99575424200003,-1.424179195999955],[36.99615860000006,-1.42509877699996],[36.99398040800003,-1.425436615999956],[36.99181366000005,-1.426787852999951],[36.99178314200003,-1.428017138999962],[36.99318313600003,-1.427940844999966],[36.993438721000075,-1.428621172999954],[36.99265289300007,-1.431506871999943],[36.99145889300007,-1.432761787999937],[36.98756408700007,-1.433043360999932],[36.98680877700008,-1.433966397999939],[36.96325683600003,-1.430240988999969],[36.96208190900006,-1.436426877999963],[36.96019744900008,-1.435971021999933],[36.95483017000004,-1.426156281999965],[36.94855499300007,-1.422162413999956],[36.94712448100006,-1.420073627999955],[36.94498825100004,-1.401648282999929],[36.94139480600006,-1.394687413999975],[36.939666748000036,-1.388901590999979],[36.93808364900008,-1.386391400999969],[36.94235611000005,-1.381299852999973],[36.94385147100007,-1.380409717999953],[36.94470214800003,-1.377051114999972],[36.96598434400005,-1.352769851999938],[36.96577072100007,-1.351785778999954],[36.98356628400006,-1.312453269999935],[36.97383880600006,-1.287217378999969],[36.994808197000054,-1.279063939999958],[37.00193786600005,-1.298352002999934],[37.02595901500007,-1.289510130999929],[37.07561874400005,-1.301301955999975],[37.07625961300005,-1.299736856999971],[37.075706482000044,-1.298392414999967],[37.07459640500008,-1.297680258999947],[37.073291779000044,-1.298240422999925],[37.07233047500006,-1.297080039999969],[37.07273101800007,-1.294743298999947],[37.07240295400004,-1.292526602999942],[37.073146820000034,-1.291222094999966],[37.075954437000064,-1.288869380999927],[37.07613372800006,-1.283699869999964],[37.07728958100006,-1.281546949999949],[37.078792572000054,-1.281229137999958],[37.081146240000066,-1.282558321999943],[37.08233261100003,-1.282645105999961],[37.083965302000024,-1.277457951999963],[37.08672332800006,-1.275016068999946],[37.09312439000007,-1.273224472999971],[37.09718704200003,-1.270739197999944],[37.100452423000036,-1.273238896999942],[37.10211181600005,-1.268133520999925],[37.10219574000007,-1.269064902999958],[37.10233306900005,-1.269314527999939]]]}},{"type":"Feature","properties":{"OBJECTID_1":349,"OBJECTID":939,"COUNTY_NAM":"MACHAKOS","CONST_CODE":80,"CONSTITUEN":"MAVOKO","COUNTY_ASS":397,"COUNTY_A_1":"SYOKIMAU/MULOLONGO","COUNTY_COD":16,"Shape_Leng":0.20711665828,"Shape_Le_1":0.20711665828,"Shape_Area":0.00193044316,"county_name":"MACHAKOS","ward_name":"SYOKIMAU/MULOLONGO","ward_code":397,"constituency_name":"MAVOKO","constituency_code":80,"source_file":"ward_397.geojson"},"geometry":{"type":"Polygon","coordinates":[[[36.940273285000046,-1.390646218999962],[36.94139480600006,-1.394687413999975],[36.94498825100004,-1.401648282999929],[36.94572067300004,-1.406259297999952],[36.94528198200004,-1.406535148999978],[36.942745209000066,-1.403906940999946],[36.94205474900008,-1.401174306999963],[36.938488007000046,-1.399422049999942],[36.93642425500008,-1.396772860999931],[36.931583405000026,-1.396313905999932],[36.92810058600003,-1.391995787999974],[36.926807404000044,-1.391745447999938],[36.924263,-1.392684220999968],[36.922718048000036,-1.39201664899997],[36.92200851400003,-1.390598177999948],[36.92104721100003,-1.384527921999961],[36.914539337000065,-1.372324704999926],[36.90559005700004,-1.361834048999924],[36.93392181400003,-1.336382746999959],[36.960414886000024,-1.346018194999942],[36.965942383000026,-1.352218031999939],[36.965744019000056,-1.353071808999971],[36.94470214800003,-1.377051114999972],[36.94385147100007,-1.380409717999953],[36.94235611000005,-1.381299852999973],[36.93808364900008,-1.386391400999969],[36.939666748000036,-1.388901590999979],[36.940273285000046,-1.390646218999962]]]}},{"type":"Feature","properties":{"OBJECTID_1":310,"OBJECTID":721,"COUNTY_NAM":"MACHAKOS","CONST_CODE":81,"CONSTITUEN":"MACHAKOS TOWN","COUNTY_ASS":398,"COUNTY_A_1":"KALAMA","COUNTY_COD":16,"Shape_Leng":0.6888714348,"Shape_Le_1":0.6888714348,"Shape_Area":0.01050216849,"county_name":"MACHAKOS","ward_name":"KALAMA","ward_code":398,"constituency_name":"MACHAKOS TOWN","constituency_code":81,"source_file":"ward_398.geojson"},"geometry":{"type":"Polygon","coordinates":[[[37.356845856000064,-1.523400902999924],[37.356494904000044,-1.526331066999944],[37.35490417500006,-1.527300953999941],[37.35403823900003,-1.528683423999951],[37.353729248000036,-1.531551718999936],[37.35259246800007,-1.534770845999958],[37.35028839100005,-1.537778138999954],[37.34957504300007,-1.53957414599995],[37.35013580300006,-1.549836158999938],[37.34675598100006,-1.55155539499998],[37.344608307000044,-1.551700591999975],[37.34051513700007,-1.554324745999963],[37.33507919300007,-1.559880375999967],[37.33692169200003,-1.563617825999927],[37.33915329000007,-1.565268635999928],[37.34152984600007,-1.568950414999961],[37.34243011500007,-1.572335242999941],[37.34622955300006,-1.574781894999944],[37.349830627000074,-1.578784226999972],[37.35157394400005,-1.579520582999976],[37.35561370800008,-1.583724975999928],[37.36403274500003,-1.58977019799994],[37.364116669000055,-1.592193006999935],[37.36657714800003,-1.598606347999976],[37.370613098000035,-1.602775096999949],[37.371067047000054,-1.606456875999925],[37.375221252000074,-1.61534059],[37.37691879300007,-1.623392939999974],[37.378593445000035,-1.624081849999925],[37.38181304900007,-1.630281447999948],[37.383083344000056,-1.631195902999934],[37.38303756700003,-1.632668613999954],[37.38193130500008,-1.634022592999941],[37.381958008000026,-1.634901403999947],[37.38357162500006,-1.63688480899998],[37.38592147800006,-1.641694902999973],[37.38600540200008,-1.645994185999939],[37.38891601600005,-1.64593482],[37.39136123700007,-1.650554894999971],[37.39346313500005,-1.652835130999961],[37.39442825300006,-1.657015799999954],[37.39506912200005,-1.657740234999949],[37.39497757000004,-1.658803939999928],[37.392696381000064,-1.658934950999935],[37.390796661000024,-1.660268067999937],[37.38732147200005,-1.66071236099998],[37.381790161000026,-1.658410071999924],[37.373420715000066,-1.653638243999978],[37.37187957800006,-1.65195012099997],[37.366516113000046,-1.652676462999978],[37.36201477100008,-1.654061555999931],[37.358322144000056,-1.658332347999931],[37.35624313400007,-1.658390044999976],[37.35497665400004,-1.659082531999957],[37.35289764400005,-1.658159136999927],[37.35000991800007,-1.65787065],[37.347358704000044,-1.655966042999978],[37.34438705400004,-1.65557169899995],[37.34049224900008,-1.653237461999936],[37.338939667000034,-1.653025984999943],[37.33735275300006,-1.651157497999975],[37.33607101400003,-1.652144669999927],[37.33421707200006,-1.652132868999956],[37.33409881600005,-1.653272747999949],[37.33551788300008,-1.656821488999981],[37.33506012000004,-1.657667636999975],[37.333641052000075,-1.657667636999975],[37.33399200400004,-1.659406780999973],[37.33214569100005,-1.662791013999936],[37.328880310000045,-1.661427974999924],[37.324169159000064,-1.662885069999959],[37.32262802100007,-1.662838100999977],[37.322113037000065,-1.659853338999938],[37.32097244300007,-1.659559487999957],[37.31895065300006,-1.660299896999959],[37.31822204600007,-1.659900307999976],[37.318645477000075,-1.658102392999979],[37.32040405300006,-1.657544254999948],[37.319274902000075,-1.653486251999937],[37.31532669100005,-1.650749086999952],[37.31309509300007,-1.647872685999971],[37.30870437600004,-1.645794748999947],[37.30619049100005,-1.645454287999939],[37.300300598000035,-1.640558599999963],[37.294475555000076,-1.64013588399996],[37.29462051400003,-1.620851277999975],[37.28907394400005,-1.62218546899993],[37.284564972000055,-1.622153639999965],[37.27718734700005,-1.619345187999954],[37.27665329000007,-1.618231176999927],[37.27472686800007,-1.616792201999942],[37.27359008800005,-1.616722583999945],[37.27161788900003,-1.618239640999946],[37.27247619600007,-1.614972352999928],[37.274990082000045,-1.611058949999972],[37.27622222900004,-1.605370640999979],[37.26772308300008,-1.610691189999955],[37.25656509400005,-1.621640204999949],[37.255794525000056,-1.624360084999978],[37.25635528600003,-1.630915522999942],[37.25255966200007,-1.63445210499998],[37.25143432600004,-1.59190809699993],[37.24742889400005,-1.591703772999949],[37.245277405000024,-1.592137097999967],[37.23643875100004,-1.589950084999941],[37.23859405500008,-1.584740280999938],[37.23830795300006,-1.579529761999936],[37.24039459200003,-1.576528906999954],[37.24438858000008,-1.574591993999945],[37.25190734900008,-1.565398334999941],[37.25637435900006,-1.560831307999933],[37.25940322900004,-1.561764955999934],[37.26164245600006,-1.561801075999938],[37.26305007900004,-1.563877343999934],[37.26590347300004,-1.563082932999976],[37.268566132000046,-1.564030885999955],[37.269504547000054,-1.562910794999937],[37.27104568500005,-1.564079403999926],[37.272621155000024,-1.56347167499996],[37.273834229000045,-1.561788916999944],[37.27516174300007,-1.562443255999938],[37.27495956400003,-1.56356537299996],[37.27542495700004,-1.564204096999958],[37.27709198000008,-1.56442225],[37.277683258000025,-1.565325974999951],[37.27846527100007,-1.565450667999926],[37.279319763000046,-1.564328789999934],[37.277885437000066,-1.56230306599997],[37.27787017800006,-1.560744761999956],[37.27957153300008,-1.561804413999937],[37.280769348000035,-1.56161737399998],[37.28171920800003,-1.562271832999954],[37.28432464600007,-1.562193989999969],[37.28612899800004,-1.561071991999938],[37.288326263000044,-1.561321377999946],[37.29013443000008,-1.560183882999979],[37.29287719700005,-1.561149954999962],[37.29445266700003,-1.559747576999939],[37.29603958100006,-1.559918879999941],[37.29724121100003,-1.55890607799995],[37.297584534000066,-1.555976628999929],[37.29822158800005,-1.555540322999946],[37.301074982000046,-1.557784199999958],[37.30250549300007,-1.555181860999937],[37.30501556400003,-1.555026053999939],[37.30654144300007,-1.554293751999978],[37.30671310400004,-1.553717135999932],[37.305141449000075,-1.552096604999974],[37.30644989000007,-1.550834416999976],[37.30811691300005,-1.550320147999969],[37.30982971200007,-1.547375082999963],[37.31536102300004,-1.550818800999934],[37.31637573200004,-1.550507187999926],[37.31841659500003,-1.545520901999964],[37.32251358000008,-1.548761963999937],[37.32287216200007,-1.546767591999981],[37.323825836000026,-1.546222090999947],[37.323715210000046,-1.544866322999951],[37.324680328000056,-1.544149636999975],[37.323730469000054,-1.542357682999977],[37.32390213000008,-1.541266917999963],[37.32899856600005,-1.539397119999933],[37.330635071000074,-1.541812300999936],[37.331584930000076,-1.542123913999944],[37.33236312900004,-1.540129303999947],[37.33141326900005,-1.539272307999966],[37.33147430400004,-1.538197159999925],[37.33491897600004,-1.538290619999941],[37.33597946200007,-1.537402390999944],[37.33429718000008,-1.534644364999963],[37.33611679100005,-1.534021019999955],[37.33911132800006,-1.535143017999928],[37.338829041000054,-1.533865212999956],[37.33756637600004,-1.53278994599998],[37.33913803100006,-1.530210494999949],[37.34072876000005,-1.528766035999979],[37.34223556500007,-1.530024766999929],[37.34417343100006,-1.530127882999977],[37.342170715000066,-1.527094602999966],[37.342090607000046,-1.52593898799995],[37.343326569000055,-1.52556765099996],[37.34553527800006,-1.527878760999954],[37.34619522100007,-1.527920007999967],[37.34648513800005,-1.527074098999947],[37.344650269000056,-1.52420568499997],[37.344833374000075,-1.523421525999936],[37.34632110600006,-1.523297786999933],[37.34821701000004,-1.524577140999952],[37.35069656400003,-1.522534250999968],[37.35259246800007,-1.522658109999952],[37.35377121000005,-1.523545383999931],[37.353687286000024,-1.522616743999947],[37.355213165000066,-1.521688222999956],[37.35589599600007,-1.521770715999935],[37.356822968000074,-1.523008822999941],[37.356845856000064,-1.523400902999924]]]}},{"type":"Feature","properties":{"OBJECTID_1":346,"OBJECTID":910,"COUNTY_NAM":"MACHAKOS","CONST_CODE":81,"CONSTITUEN":"MACHAKOS TOWN","COUNTY_ASS":398,"COUNTY_A_1":"KALAMA","COUNTY_COD":16,"Shape_Leng":0.61125639235,"Shape_Le_1":0.61125639235,"Shape_Area":0.01931959874,"county_name":"MACHAKOS","ward_name":"KALAMA","ward_code":398,"constituency_name":"MACHAKOS TOWN","constituency_code":81,"source_file":"ward_398.geojson"},"geometry":{"type":"Polygon","coordinates":[[[37.19561004600007,-1.698130487999947],[37.19663620000006,-1.719947099999956],[37.193778992000034,-1.721162557999946],[37.17638015700004,-1.753586291999966],[37.165489197000056,-1.761054515999945],[37.158664703000056,-1.77203428699994],[37.156669617000034,-1.777091979999966],[37.154918671000075,-1.777772426999945],[37.15293502800006,-1.777532338999947],[37.152023315000065,-1.776257276999957],[37.152023315000065,-1.774146556999938],[37.155006409000066,-1.769614934999936],[37.155666351000036,-1.767614244999948],[37.15806579600007,-1.765653609999959],[37.15846633900003,-1.763972997999929],[37.15694809000007,-1.762206911999954],[37.150363922000054,-1.760626434999949],[37.148841858000026,-1.759150862999945],[37.14697647100007,-1.751006841999924],[37.14894104000007,-1.742878436999945],[37.14881515500008,-1.740440010999976],[37.14794540400004,-1.738152741999954],[37.14499664300007,-1.73587489099998],[37.14101028400006,-1.735704779999935],[37.13816452000003,-1.737283229999946],[37.13566970800008,-1.73947596499994],[37.13276672400008,-1.73996746499995],[37.13219070400004,-1.742472052999972],[37.12411880500008,-1.740978717999951],[37.124065399000074,-1.738348006999956],[37.11800384500003,-1.737084745999937],[37.11381912200005,-1.735099911999953],[37.11183166500007,-1.733512043999951],[37.08541488600008,-1.698256611999966],[37.08426666300005,-1.699037909999959],[37.080261230000076,-1.693745016999969],[37.08144378700007,-1.692938565999953],[37.02892303500005,-1.622812151999938],[37.139690399000074,-1.561642169999971],[37.15086364700005,-1.567220091999957],[37.191150665000066,-1.650197982999941],[37.19193267800006,-1.652701496999953],[37.19441223100006,-1.681857466999929],[37.19561004600007,-1.698130487999947]]]}},{"type":"Feature","properties":{"OBJECTID_1":329,"OBJECTID":797,"COUNTY_NAM":"MACHAKOS","CONST_CODE":81,"CONSTITUEN":"MACHAKOS TOWN","COUNTY_ASS":399,"COUNTY_A_1":"MUA","COUNTY_COD":16,"Shape_Leng":0.81594080253,"Shape_Le_1":0.81594080253,"Shape_Area":0.01394001588,"county_name":"MACHAKOS","ward_name":"MUA","ward_code":399,"constituency_name":"MACHAKOS TOWN","constituency_code":81,"source_file":"ward_399.geojson"},"geometry":{"type":"Polygon","coordinates":[[[37.212043762000064,-1.359109516999979],[37.219402313000046,-1.359232659999975],[37.220645905000026,-1.412986631999956],[37.24206161500007,-1.44862222699993],[37.238700867000034,-1.459499477999941],[37.23756408700007,-1.461019873999931],[37.23790741000005,-1.461906194999926],[37.236579895000034,-1.463654279999958],[37.23576736500007,-1.467827438999962],[37.236072540000066,-1.470080136999968],[37.235176086000024,-1.47046172599994],[37.230720520000034,-1.47560739499994],[37.23091507000004,-1.479522108999959],[37.22972106900005,-1.481368660999976],[37.23175430300006,-1.484507679999979],[37.23257827800006,-1.484544634999963],[37.23326873800005,-1.486132621999957],[37.232131958000025,-1.487141727999926],[37.232604980000076,-1.487418651999974],[37.23343658400006,-1.490950345999977],[37.23223114000007,-1.49296844],[37.23073577900004,-1.493294834999972],[37.23043823200004,-1.498171925999941],[37.22937011700003,-1.498359918999938],[37.23114013700007,-1.503229140999963],[37.23075103800005,-1.505799650999961],[37.23135757400007,-1.508382319999953],[37.230705261000026,-1.508624791999978],[37.23106765700004,-1.510140537999973],[37.23062896700003,-1.510504245999925],[37.231987,-1.512747406999949],[37.23038864100005,-1.515063285999929],[37.22953796400003,-1.51754903799997],[37.23414611800007,-1.518082499999935],[37.252159119000055,-1.516202330999931],[37.252933502000076,-1.524639486999945],[37.25376510600006,-1.525034307999931],[37.25402069100005,-1.52592957],[37.25308609000007,-1.527556061999974],[37.253425598000035,-1.531162023999968],[37.25199508700007,-1.534354805999953],[37.25053787200005,-1.534798740999975],[37.24964904800004,-1.535940050999955],[37.24707794200003,-1.53738164899994],[37.24599075300006,-1.540395616999945],[37.244976044000055,-1.540930628999945],[37.24536895800003,-1.541965007999977],[37.244705200000055,-1.543532132999928],[37.24372863800005,-1.543505429999925],[37.24486541700003,-1.547183632999975],[37.24327468900003,-1.549979209999947],[37.24353790300006,-1.550652980999928],[37.24527359000007,-1.551305055999933],[37.24552154500003,-1.554264306999926],[37.24732971200007,-1.555598496999949],[37.24730682400008,-1.556671976999951],[37.24757766700003,-1.556140303999939],[37.24827194200003,-1.556270598999959],[37.24867248500004,-1.558226823999974],[37.25034713700006,-1.559119581999937],[37.249153137000064,-1.559731602999932],[37.24933624300007,-1.56108582],[37.250667572000054,-1.562666415999956],[37.25187683100006,-1.56178581699993],[37.252788544000055,-1.560158967999939],[37.25416183500005,-1.560054420999961],[37.25637435900006,-1.560831307999933],[37.25190734900008,-1.565398334999941],[37.24438858000008,-1.574591993999945],[37.240653992000034,-1.576256036999951],[37.23890686000004,-1.578465818999973],[37.238239288000045,-1.579816221999977],[37.23859405500008,-1.584740280999938],[37.23643875100004,-1.589950084999941],[37.231933594000054,-1.588901638999971],[37.22939300500008,-1.592055916999925],[37.228656769000054,-1.591902255999969],[37.210281372000054,-1.600291251999977],[37.17499160800003,-1.616937517999929],[37.15086364700005,-1.567220091999957],[37.16570663500005,-1.574799060999965],[37.176681519000056,-1.553043961999947],[37.17104339600007,-1.531407594999962],[37.16690826400003,-1.530845045999968],[37.153953552000075,-1.531542181999953],[37.14347457900004,-1.531275629999925],[37.141403198000035,-1.508142828999951],[37.14586257900004,-1.504429935999951],[37.14793014500003,-1.503350495999939],[37.15029144300007,-1.503464102999942],[37.153156281000065,-1.504418611999938],[37.155769348000035,-1.504009484999926],[37.15924835200008,-1.504338979999943],[37.16011047400008,-1.501850604999959],[37.162929535000046,-1.499862074999953],[37.16019058200004,-1.496975898999949],[37.16189575200008,-1.49444198599997],[37.16774749800004,-1.48886287199997],[37.16857528700007,-1.486533402999953],[37.16875839200003,-1.483760952999944],[37.169395447000056,-1.482954143999962],[37.17222213700006,-1.482431411999926],[37.176235199000075,-1.483397244999935],[37.178905487000065,-1.480704307999929],[37.182563782000045,-1.480783819999942],[37.18746185300006,-1.478465795999966],[37.18923187300004,-1.475511431999962],[37.18941879300007,-1.474836229999937],[37.187347412000065,-1.474947332999932],[37.186470032000045,-1.474391340999944],[37.186660767000035,-1.472278475999929],[37.18551254300007,-1.471666812999956],[37.18429184000007,-1.469620584999973],[37.18483734100005,-1.46392691099993],[37.17942047100007,-1.465183495999952],[37.17946624800004,-1.459434151999972],[37.182857513000044,-1.457098841999937],[37.18598556500007,-1.456608056999926],[37.186805725000056,-1.457150220999949],[37.18738937400008,-1.45958292499995],[37.18837738000008,-1.45945775499996],[37.18896102900004,-1.458317875999967],[37.187683105000076,-1.454620360999968],[37.188209534000066,-1.454189419999977],[37.18862533600003,-1.455134629999975],[37.191547394000054,-1.45328581299998],[37.19454956100003,-1.452715873999978],[37.19653701800007,-1.447781085999964],[37.19618988000008,-1.445695995999927],[37.19466018700007,-1.443875073999948],[37.19379806500007,-1.441345095999964],[37.19100189200003,-1.438926338999977],[37.19034957900004,-1.436549305999961],[37.19140625000006,-1.434964656999966],[37.19580078100006,-1.431447743999968],[37.18948745700004,-1.425220250999928],[37.18920898400006,-1.424219369999946],[37.19282150300006,-1.420447349999961],[37.19549179100005,-1.416578530999971],[37.19761276200006,-1.420981525999935],[37.201927185000045,-1.419750928999974],[37.19895172100007,-1.414185281999949],[37.197383881000064,-1.41305422399995],[37.194831848000035,-1.407378549999976],[37.19261169400005,-1.406818266999949],[37.19251632700008,-1.406143899999961],[37.19076538100006,-1.40516852899998],[37.18687439000007,-1.399679656999979],[37.194282532000045,-1.39184569899993],[37.197975159000066,-1.384209032999934],[37.19851303100006,-1.379768128999956],[37.197238922000054,-1.37820136199997],[37.19719696000004,-1.376748676999966],[37.19828796400003,-1.372608657999933],[37.199489594000056,-1.371768231999965],[37.20788574200003,-1.359939570999927],[37.21115727200004,-1.359104696999964],[37.212043762000064,-1.359109516999979]]]}},{"type":"Feature","properties":{"OBJECTID_1":334,"OBJECTID":817,"COUNTY_NAM":"MACHAKOS","CONST_CODE":81,"CONSTITUEN":"MACHAKOS TOWN","COUNTY_ASS":400,"COUNTY_A_1":"MUTITUNI","COUNTY_COD":16,"Shape_Leng":0.24030862906,"Shape_Le_1":0.24030862906,"Shape_Area":0.00268036808,"county_name":"MACHAKOS","ward_name":"MUTITUNI","ward_code":400,"constituency_name":"MACHAKOS TOWN","constituency_code":81,"source_file":"ward_400.geojson"},"geometry":{"type":"Polygon","coordinates":[[[37.25422491900008,-1.383934953999926],[37.257740021000075,-1.38405764099997],[37.259868622000056,-1.385281919999954],[37.26139450100004,-1.385167836999926],[37.26319885300006,-1.386029004999955],[37.26097869900008,-1.388695716999962],[37.260967255000025,-1.391652821999969],[37.25858306900005,-1.392202734999955],[37.25674438500005,-1.394267558999957],[37.25592422500006,-1.397992491999958],[37.256805420000035,-1.397359609999967],[37.25727462800006,-1.402765511999974],[37.25847625700004,-1.405764221999959],[37.265159607000044,-1.412695288999942],[37.26648712200006,-1.413317918999951],[37.26729583700006,-1.41474974199997],[37.26893615700004,-1.415372371999979],[37.26940536500007,-1.416233539999951],[37.27092742900004,-1.415994882999939],[37.27320098900003,-1.420788526999957],[37.27511215200008,-1.422562837999976],[37.27528762800006,-1.424129127999947],[37.27419662500006,-1.427812218999975],[37.27544021600005,-1.432036160999928],[37.27602005000006,-1.436606883999957],[37.27701187100007,-1.43788230399997],[37.281375885000045,-1.440840959999946],[37.27957153300008,-1.446687101999942],[37.27962112400007,-1.448441981999963],[37.28058242800006,-1.450485467999954],[37.278442383000026,-1.452259063999975],[37.272232056000064,-1.455057501999931],[37.24557876600005,-1.457920789999946],[37.23957443200004,-1.456139802999928],[37.24206161500007,-1.44862222699993],[37.220645905000026,-1.41292858099996],[37.22038650500008,-1.401178001999938],[37.231582642000035,-1.401105284999971],[37.232715607000046,-1.400264858999947],[37.235256195000034,-1.396571039999969],[37.23836898800005,-1.389421939999977],[37.240318298000034,-1.38920402499997],[37.24324417100007,-1.38703548899997],[37.25220871000005,-1.384068011999943],[37.25403595000006,-1.383912324999926],[37.25422491900008,-1.383934953999926]]]}},{"type":"Feature","properties":{"OBJECTID_1":343,"OBJECTID":869,"COUNTY_NAM":"MACHAKOS","CONST_CODE":81,"CONSTITUEN":"MACHAKOS TOWN","COUNTY_ASS":401,"COUNTY_A_1":"MACHAKOS CENTRAL","COUNTY_COD":16,"Shape_Leng":0.20388710931,"Shape_Le_1":0.20388710931,"Shape_Area":0.00193137003,"county_name":"MACHAKOS","ward_name":"MACHAKOS CENTRAL","ward_code":401,"constituency_name":"MACHAKOS TOWN","constituency_code":81,"source_file":"ward_401.geojson"},"geometry":{"type":"Polygon","coordinates":[[[37.29184722900004,-1.476254343999926],[37.29261016800007,-1.478703021999934],[37.29217147800006,-1.479213118999951],[37.293487549000076,-1.48053932199997],[37.29249954200003,-1.482457518999979],[37.29227066000004,-1.494341849999955],[37.29379653900003,-1.494887232999929],[37.29535675000005,-1.496997355999952],[37.298046112000065,-1.496918439999945],[37.30036163300008,-1.49956107099996],[37.29970169100005,-1.500259279999966],[37.30018615700004,-1.502044081999941],[37.304389954000044,-1.504604696999934],[37.30475616500007,-1.507889747999968],[37.30401992800006,-1.509343027999933],[37.30377197300004,-1.515252947999954],[37.30191421500007,-1.518648385999939],[37.30144119300007,-1.523608922999927],[37.30171585100004,-1.527053713999976],[37.30319213900003,-1.531522154999948],[37.30311203000008,-1.533844947999967],[37.29953002900004,-1.535380362999945],[37.28649902300003,-1.532191514999965],[37.28330993700007,-1.529337167999927],[37.279647827000076,-1.527427792999959],[37.27840423600003,-1.525895952999974],[37.260139465000066,-1.525065183999971],[37.253585815000065,-1.515898704999927],[37.25420379600007,-1.515769242999966],[37.258209229000045,-1.500454186999946],[37.26403045700005,-1.500539421999974],[37.26141357400007,-1.496575593999978],[37.26076507600004,-1.49406206599997],[37.260833740000066,-1.491502284999967],[37.26199340800008,-1.487622260999956],[37.264808655000024,-1.487123965999956],[37.26592254600007,-1.485291957999948],[37.27455520600006,-1.48482286899997],[37.27514267000004,-1.483229159999951],[37.27635574300007,-1.483528136999951],[37.27721023600003,-1.482830643999932],[37.28129196200007,-1.482432126999925],[37.28054046600005,-1.481691956999953],[37.281421661000024,-1.480780958999958],[37.27974319500004,-1.480780958999958],[37.27928543100006,-1.479969620999952],[37.28204345700004,-1.47844827199998],[37.284866333000025,-1.478256582999961],[37.28598403900003,-1.476772188999973],[37.291822135000075,-1.476255671999979],[37.29184722900004,-1.476254343999926]]]}},{"type":"Feature","properties":{"OBJECTID_1":336,"OBJECTID":822,"COUNTY_NAM":"MACHAKOS","CONST_CODE":81,"CONSTITUEN":"MACHAKOS TOWN","COUNTY_ASS":402,"COUNTY_A_1":"MUMBUNI NORTH","COUNTY_COD":16,"Shape_Leng":0.25364658494,"Shape_Le_1":0.25364658494,"Shape_Area":0.00241035893,"county_name":"MACHAKOS","ward_name":"MUMBUNI NORTH","ward_code":402,"constituency_name":"MACHAKOS TOWN","constituency_code":81,"source_file":"ward_402.geojson"},"geometry":{"type":"Polygon","coordinates":[[[37.280467987000065,-1.452686309999933],[37.283184052000024,-1.452155708999953],[37.290336609000065,-1.469602226999939],[37.29184722900004,-1.476254343999926],[37.28598403900003,-1.476772188999973],[37.284866333000025,-1.478256582999961],[37.28204345700004,-1.47844827199998],[37.27928543100006,-1.479969620999952],[37.27974319500004,-1.480780958999958],[37.281421661000024,-1.480780958999958],[37.28054046600005,-1.481691956999953],[37.28129196200007,-1.482432126999925],[37.27721023600003,-1.482830643999932],[37.27635574300007,-1.483528136999951],[37.27514267000004,-1.483229159999951],[37.27455520600006,-1.48482286899997],[37.26592254600007,-1.485291957999948],[37.264808655000024,-1.487123965999956],[37.26199340800008,-1.487622260999956],[37.260833740000066,-1.491502284999967],[37.26076507600004,-1.49406206599997],[37.26141357400007,-1.496575593999978],[37.26403045700005,-1.500539421999974],[37.258209229000045,-1.500454186999946],[37.25420379600007,-1.515769242999966],[37.25012970000006,-1.516748666999945],[37.23414611800007,-1.518082499999935],[37.22953796400003,-1.51754903799997],[37.23038864100005,-1.515063285999929],[37.231987,-1.512747406999949],[37.23062896700003,-1.510504245999925],[37.23106765700004,-1.510140537999973],[37.230705261000026,-1.508624791999978],[37.23135757400007,-1.508382319999953],[37.23075103800005,-1.505799650999961],[37.23114013700007,-1.503229140999963],[37.22937011700003,-1.498359918999938],[37.23043823200004,-1.498171925999941],[37.23073577900004,-1.493294834999972],[37.23223114000007,-1.49296844],[37.23343658400006,-1.490950345999977],[37.232604980000076,-1.487418651999974],[37.232131958000025,-1.487141727999926],[37.23326873800005,-1.486132621999957],[37.23257827800006,-1.484544634999963],[37.23175430300006,-1.484507679999979],[37.23019027700008,-1.482550382999932],[37.22972106900005,-1.481147050999937],[37.23091507000004,-1.479522108999959],[37.230976105000025,-1.474991917999944],[37.236072540000066,-1.470080136999968],[37.23614883400006,-1.465279221999936],[37.23666381800007,-1.463432669999975],[37.23741531400003,-1.463075637999964],[37.23790741000005,-1.461906194999926],[37.23756408700007,-1.461019873999931],[37.238700867000034,-1.459499477999941],[37.23957443200004,-1.456139802999928],[37.24557876600005,-1.457920789999946],[37.249679565000065,-1.45767223799993],[37.272232056000064,-1.455057501999931],[37.278442383000026,-1.452259063999975],[37.28058242800006,-1.450485467999954],[37.28054046600005,-1.45176804099998],[37.280467987000065,-1.452686309999933]]]}},{"type":"Feature","properties":{"OBJECTID_1":345,"OBJECTID":897,"COUNTY_NAM":"MACHAKOS","CONST_CODE":81,"CONSTITUEN":"MACHAKOS TOWN","COUNTY_ASS":403,"COUNTY_A_1":"MUVUTI/KIIMA-KIMWE","COUNTY_COD":16,"Shape_Leng":0.37625294322,"Shape_Le_1":0.37625294322,"Shape_Area":0.0031447466,"county_name":"MACHAKOS","ward_name":"MUVUTI/KIIMA-KIMWE","ward_code":403,"constituency_name":"MACHAKOS TOWN","constituency_code":81,"source_file":"ward_403.geojson"},"geometry":{"type":"Polygon","coordinates":[[[37.31859207200006,-1.503655433999938],[37.31979751600005,-1.503766893999966],[37.32860565200008,-1.510362028999964],[37.33061218300003,-1.513297199999954],[37.33174514800004,-1.512888550999946],[37.33235549900007,-1.514337539999929],[37.33335876500007,-1.51443052299993],[37.33832168600003,-1.513692497999955],[37.33965301500007,-1.516693829999952],[37.33527755700004,-1.519612550999966],[37.33264923100006,-1.520488142999966],[37.33170318600003,-1.522020458999975],[37.33042526200006,-1.526872753999953],[37.33345413200004,-1.529645561999928],[37.33768463100006,-1.53194403599997],[37.338241577000076,-1.53140389899994],[37.33758163500005,-1.533008217999964],[37.338829041000054,-1.533865212999956],[37.33921814000007,-1.534924864999937],[37.338535309000065,-1.535174130999963],[37.33611679100005,-1.534021019999955],[37.33429718000008,-1.534644364999963],[37.33597946200007,-1.537402390999944],[37.33491897600004,-1.538290619999941],[37.33147430400004,-1.538197159999925],[37.33141326900005,-1.539272307999966],[37.33236312900004,-1.540129303999947],[37.331584930000076,-1.542123913999944],[37.330635071000074,-1.541812300999936],[37.32899856600005,-1.539397119999933],[37.32390213000008,-1.541266917999963],[37.323730469000054,-1.542357682999977],[37.32474517800006,-1.543760060999944],[37.323715210000046,-1.544866322999951],[37.323730469000054,-1.546408891999931],[37.32287216200007,-1.546767591999981],[37.32270050000005,-1.548606156999938],[37.32215499900008,-1.548746346999963],[37.31841659500003,-1.545520901999964],[37.31603241000005,-1.550818800999934],[37.31391525300006,-1.550289034999935],[37.309581757000046,-1.547484158999964],[37.30811691300005,-1.550320147999969],[37.30644989000007,-1.550834416999976],[37.305141449000075,-1.552096604999974],[37.30671310400004,-1.553717135999932],[37.30654144300007,-1.554293751999978],[37.30501556400003,-1.555026053999939],[37.30250549300007,-1.555181860999937],[37.301074982000046,-1.557784199999958],[37.29783248900003,-1.555633782999962],[37.29724121100003,-1.55890607799995],[37.29603958100006,-1.559918879999941],[37.29445266700003,-1.559747576999939],[37.29287719700005,-1.561149954999962],[37.29013443000008,-1.560183882999979],[37.288326263000044,-1.561321377999946],[37.28612899800004,-1.561071991999938],[37.28432464600007,-1.562193989999969],[37.28171920800003,-1.562271832999954],[37.280769348000035,-1.56161737399998],[37.27957153300008,-1.561804413999937],[37.27787017800006,-1.560744761999956],[37.277885437000066,-1.56230306599997],[37.279319763000046,-1.564328789999934],[37.27846527100007,-1.565450667999926],[37.277683258000025,-1.565325974999951],[37.27709198000008,-1.56442225],[37.27542495700004,-1.564204096999958],[37.27495956400003,-1.56356537299996],[37.27516174300007,-1.562443255999938],[37.273834229000045,-1.561788916999944],[37.272621155000024,-1.56347167499996],[37.27104568500005,-1.564079403999926],[37.269504547000054,-1.562910794999937],[37.268566132000046,-1.564030885999955],[37.26590347300004,-1.563082932999976],[37.26305007900004,-1.563877343999934],[37.26164245600006,-1.561801075999938],[37.25940322900004,-1.561764955999934],[37.25386047400008,-1.560054420999961],[37.25235366800007,-1.560427665999953],[37.25187683100006,-1.56178581699993],[37.25048828100006,-1.562472223999976],[37.24933624300007,-1.56108582],[37.249153137000064,-1.559731602999932],[37.25034713700006,-1.559119581999937],[37.24867248500004,-1.558226823999974],[37.24827194200003,-1.556270598999959],[37.24757766700003,-1.556140303999939],[37.24730682400008,-1.556671976999951],[37.24732971200007,-1.555598496999949],[37.24552154500003,-1.554264306999926],[37.24527359000007,-1.551305055999933],[37.24353790300006,-1.550652980999928],[37.24327468900003,-1.549979209999947],[37.24486541700003,-1.547183632999975],[37.24372863800005,-1.543505429999925],[37.244705200000055,-1.543532132999928],[37.24536895800003,-1.541965007999977],[37.244976044000055,-1.540930628999945],[37.24599075300006,-1.540395616999945],[37.24707794200003,-1.53738164899994],[37.24964904800004,-1.535940050999955],[37.25053787200005,-1.534798740999975],[37.25199508700007,-1.534354805999953],[37.253425598000035,-1.531162023999968],[37.25308609000007,-1.527556061999974],[37.25402069100005,-1.52592957],[37.25376510600006,-1.525034307999931],[37.252933502000076,-1.524639486999945],[37.252159119000055,-1.516202330999931],[37.253585815000065,-1.515898704999927],[37.260139465000066,-1.525065183999971],[37.27840423600003,-1.525895952999974],[37.279647827000076,-1.527427792999959],[37.28330993700007,-1.529337167999927],[37.28649902300003,-1.532191514999965],[37.29953002900004,-1.535380362999945],[37.30311203000008,-1.533844947999967],[37.30319213900003,-1.531522154999948],[37.30171585100004,-1.527053713999976],[37.30144119300007,-1.523608922999927],[37.30191421500007,-1.518648385999939],[37.30377197300004,-1.515252947999954],[37.30401992800006,-1.509343027999933],[37.30475616500007,-1.507889747999968],[37.304389954000044,-1.504604696999934],[37.30843353300003,-1.50171434899994],[37.31047058100006,-1.498707532999958],[37.31370925900006,-1.497834562999969],[37.31428909300007,-1.49780809899994],[37.31519317600004,-1.50059020499998],[37.31836700400004,-1.503525614999944],[37.31859207200006,-1.503655433999938]]]}},{"type":"Feature","properties":{"OBJECTID_1":319,"OBJECTID":739,"COUNTY_NAM":"MACHAKOS","CONST_CODE":81,"CONSTITUEN":"MACHAKOS TOWN","COUNTY_ASS":404,"COUNTY_A_1":"KOLA","COUNTY_COD":16,"Shape_Leng":0.52572135498,"Shape_Le_1":0.52572135498,"Shape_Area":0.00759805926,"county_name":"MACHAKOS","ward_name":"KOLA","ward_code":404,"constituency_name":"MACHAKOS TOWN","constituency_code":81,"source_file":"ward_404.geojson"},"geometry":{"type":"Polygon","coordinates":[[[37.27161788900003,-1.617293238999935],[37.27161788900003,-1.618239640999946],[37.27359008800005,-1.616722583999945],[37.27472686800007,-1.616792201999942],[37.27665329000007,-1.618231176999927],[37.27718734700005,-1.619345187999954],[37.284564972000055,-1.622153639999965],[37.28907394400005,-1.62218546899993],[37.29462051400003,-1.620851277999975],[37.294475555000076,-1.64013588399996],[37.300300598000035,-1.640558599999963],[37.30619049100005,-1.645454287999939],[37.30870437600004,-1.645794748999947],[37.31309509300007,-1.647872685999971],[37.31532669100005,-1.650749086999952],[37.319274902000075,-1.653486251999937],[37.32040405300006,-1.657544254999948],[37.318645477000075,-1.658102392999979],[37.31822204600007,-1.659900307999976],[37.31895065300006,-1.660299896999959],[37.32097244300007,-1.659559487999957],[37.322113037000065,-1.659853338999938],[37.32262802100007,-1.662838100999977],[37.324169159000064,-1.662885069999959],[37.328880310000045,-1.661427974999924],[37.33214569100005,-1.662791013999936],[37.33399200400004,-1.659406780999973],[37.333641052000075,-1.657667636999975],[37.33506012000004,-1.657667636999975],[37.33551788300008,-1.656821488999981],[37.33409881600005,-1.653272747999949],[37.33421707200006,-1.652132868999956],[37.33607101400003,-1.652144669999927],[37.33735275300006,-1.651157497999975],[37.338939667000034,-1.653025984999943],[37.34049224900008,-1.653237461999936],[37.34438705400004,-1.65557169899995],[37.347358704000044,-1.655966042999978],[37.35000991800007,-1.65787065],[37.35289764400005,-1.658159136999927],[37.35497665400004,-1.659082531999957],[37.35624313400007,-1.658390044999976],[37.358322144000056,-1.658332347999931],[37.36201477100008,-1.654061555999931],[37.366516113000046,-1.652676462999978],[37.37187957800006,-1.65195012099997],[37.373420715000066,-1.653638243999978],[37.381790161000026,-1.658410071999924],[37.38732147200005,-1.66071236099998],[37.390796661000024,-1.660268067999937],[37.392696381000064,-1.658934950999935],[37.39497757000004,-1.658803939999928],[37.39608764600007,-1.660519360999956],[37.400531769000054,-1.662253379999925],[37.40099334700005,-1.664984940999943],[37.400470734000066,-1.667110919999971],[37.40144729600007,-1.667764186999932],[37.40168380700004,-1.670911430999979],[37.40335845900006,-1.673334240999964],[37.40613555900006,-1.674973248999947],[37.40486526500007,-1.67781174199996],[37.40689849900008,-1.679415106999954],[37.407028198000035,-1.681232213999977],[37.40803909300007,-1.682443618999969],[37.407810211000026,-1.684035181999946],[37.41306304900007,-1.6881],[37.41168212900004,-1.689249038999947],[37.409389496000074,-1.688706278999973],[37.40819168100006,-1.689143299999955],[37.40846633900003,-1.690093397999931],[37.40741348300003,-1.690977096999973],[37.405132294000055,-1.690131425999937],[37.40195846600005,-1.693753241999957],[37.40136718700006,-1.692752360999975],[37.40063095100004,-1.692777990999957],[37.39674758900003,-1.694127797999954],[37.395637512000064,-1.695516466999948],[37.39419937100007,-1.695994972999927],[37.39365005500008,-1.695097922999935],[37.39293289200003,-1.695110201999967],[37.39120864900008,-1.696759819999954],[37.390808105000076,-1.697954654999933],[37.38760376000005,-1.698060392999935],[37.384845734000066,-1.701676845999941],[37.38368606600005,-1.701286553999978],[37.38240051300005,-1.701986550999948],[37.381660461000024,-1.701463937999961],[37.38011169400005,-1.701865195999972],[37.37778091400003,-1.702864050999949],[37.376201630000025,-1.704348086999971],[37.37364578200004,-1.704936146999955],[37.37038803100006,-1.705113529999949],[37.36397934000007,-1.703744530999927],[37.357540131000064,-1.706894993999924],[37.35453796400003,-1.704717516999949],[37.350166321000074,-1.704993247999937],[37.34910965000006,-1.703400969999962],[37.34790420500008,-1.704396128999974],[37.346691132000046,-1.70437514799994],[37.34477233900003,-1.702667593999934],[37.343933105000076,-1.700666665999961],[37.342281342000035,-1.700383901999942],[37.34133529700006,-1.701054334999981],[37.33398437500006,-1.701321482999958],[37.33139801000004,-1.69813680599998],[37.32937240600006,-1.699868797999955],[37.320541382000044,-1.700940250999963],[37.31292343100006,-1.700939654999957],[37.288078308000024,-1.711509346999947],[37.289283752000074,-1.698398231999931],[37.278873444000055,-1.687466382999958],[37.26496124300007,-1.68026733399995],[37.27207946800007,-1.668095230999938],[37.25852966300005,-1.645536064999931],[37.25738525400004,-1.64548504399994],[37.25628280600006,-1.644465326999978],[37.25629806500007,-1.642844914999955],[37.25502395600006,-1.639841436999973],[37.25231170700005,-1.635517596999932],[37.25255966200007,-1.63445210499998],[37.25635528600003,-1.630915522999942],[37.255794525000056,-1.624360084999978],[37.25656509400005,-1.621640204999949],[37.26772308300008,-1.610691189999955],[37.27622222900004,-1.605370640999979],[37.274990082000045,-1.611058949999972],[37.273899078000056,-1.612174510999978],[37.27173233000008,-1.616594671999962],[37.27161788900003,-1.617293238999935]]]}},{"type":"Feature","properties":{"OBJECTID_1":323,"OBJECTID":761,"COUNTY_NAM":"MACHAKOS","CONST_CODE":82,"CONSTITUEN":"MWALA","COUNTY_ASS":405,"COUNTY_A_1":"MBIUNI","COUNTY_COD":16,"Shape_Leng":0.5880445702,"Shape_Le_1":0.5880445702,"Shape_Area":0.01208001945,"county_name":"MACHAKOS","ward_name":"MBIUNI","ward_code":405,"constituency_name":"MWALA","constituency_code":82,"source_file":"ward_405.geojson"},"geometry":{"type":"Polygon","coordinates":[[[37.38249588000008,-1.16105198899993],[37.38508606000005,-1.161016106999966],[37.38622665400004,-1.161627530999965],[37.387699127000076,-1.167298674999927],[37.390121460000046,-1.168653487999961],[37.391826630000025,-1.170571922999955],[37.39334869400005,-1.171171307999941],[37.39466857900004,-1.171267270999977],[37.39717102100008,-1.169216989999939],[37.398094177000075,-1.169133066999962],[37.400764465000066,-1.171276688999967],[37.40266418500005,-1.171806811999943],[37.40430831900005,-1.171075462999966],[37.406631470000036,-1.168705939999938],[37.409103394000056,-1.168990730999951],[37.40935897800006,-1.170504450999943],[37.407905579000044,-1.172992348999969],[37.40793609600007,-1.174775719999957],[37.40892410300006,-1.177113770999938],[37.411247253000056,-1.178447603999928],[37.41120147700008,-1.182314276999932],[37.41394424400005,-1.183917879999967],[37.41779708900003,-1.183408379999946],[37.41978836100003,-1.185626506999938],[37.42025375400004,-1.188294171999928],[37.41869735700004,-1.190871953999931],[37.41910171500007,-1.193135022999968],[37.42074966400003,-1.194064259999948],[37.42520141600005,-1.1935848],[37.426895142000035,-1.194933533999972],[37.426712036000026,-1.196911930999931],[37.427207947000056,-1.197945951999941],[37.428153992000034,-1.19827556599995],[37.43053436300005,-1.197810887999935],[37.43131637600004,-1.198335527999973],[37.43127059900007,-1.200358867999967],[37.430099487000064,-1.201243042999977],[37.42966461200007,-1.205064773999936],[37.42983245800008,-1.206413626999961],[37.43074417100007,-1.207507729999975],[37.431869507000044,-1.208077191999962],[37.43420791600005,-1.20786738399994],[37.43579483000008,-1.208781718999944],[37.437625885000045,-1.211704134999934],[37.44580841100003,-1.22107088599995],[37.44706726100003,-1.220906257999957],[37.448818207000045,-1.219377517999931],[37.448730469000054,-1.21793878099993],[37.44925308200004,-1.217399239999963],[37.45079803500005,-1.217114448999951],[37.451728821000074,-1.219407319999959],[37.45081329300007,-1.222509860999935],[37.451442719000056,-1.222899436999967],[37.45389938400007,-1.222270011999967],[37.45538330100004,-1.222539782999945],[37.45751190200008,-1.22612178299994],[37.461349487000064,-1.230812668999931],[37.46440506000005,-1.231157421999967],[37.467449188000046,-1.229988455999944],[37.47062683100006,-1.231427192999945],[37.47465896600005,-1.231202363999955],[37.479484558000024,-1.237691759999962],[37.480113983000024,-1.241783260999966],[37.48416137700008,-1.244780778999939],[37.487037659000066,-1.250985383999932],[37.48826599100005,-1.251569866999944],[37.50141143800005,-1.25264895],[37.50531005900007,-1.25988042399996],[37.50709152200005,-1.261418222999964],[37.50905609100005,-1.261961936999967],[37.50781631500007,-1.263652920999959],[37.50365829500004,-1.264917611999977],[37.49823761000005,-1.268110155999978],[37.49555206300005,-1.268156408999971],[37.493022919000055,-1.269197463999944],[37.49237823500005,-1.269791244999965],[37.492561340000066,-1.273130297999956],[37.491722107000044,-1.274996518999956],[37.490455627000074,-1.275605678999966],[37.48638534500003,-1.280240296999978],[37.48192977900004,-1.28054463899997],[37.48109817500006,-1.281566857999962],[37.479701996000074,-1.281152605999978],[37.47561645500008,-1.281673788999967],[37.47095108000008,-1.283718108999949],[37.469139099000074,-1.283470987999976],[37.46813964800003,-1.28424894799997],[37.46434402500006,-1.285153030999936],[37.45933914200003,-1.285394191999956],[37.45793914800004,-1.284685968999952],[37.45722961400003,-1.286147593999942],[37.45703506500007,-1.289477824999949],[37.45462799100005,-1.291751741999974],[37.45458602900004,-1.293059706999941],[37.453433990000065,-1.294690608999929],[37.453975677000074,-1.298126220999961],[37.45349502600004,-1.299364447999949],[37.45291900600006,-1.299434303999931],[37.45304107700008,-1.300253986999962],[37.45122528100006,-1.301544546999935],[37.44819259600007,-1.300951599999962],[37.44270706200007,-1.303341030999945],[37.44157409700006,-1.303088068999955],[37.440074921000075,-1.30607914899997],[37.43750762900004,-1.307443856999953],[37.43559646600005,-1.310380815999963],[37.430568695000034,-1.312501668999971],[37.42557907100007,-1.311678528999948],[37.42339706400003,-1.310464620999937],[37.418540955000026,-1.312780737999958],[37.41650390600006,-1.312717914999951],[37.41274642900004,-1.315177320999965],[37.41033172600004,-1.308563351999965],[37.405548096000075,-1.298994302999972],[37.39981842000003,-1.295468806999963],[37.39912414600008,-1.29081010799996],[37.39931488000008,-1.288480758999924],[37.39887237500005,-1.287158727999952],[37.396858215000066,-1.285962581999968],[37.39604187000003,-1.28457760799995],[37.396354675000055,-1.282059430999937],[37.393268585000044,-1.28017067899998],[37.39169693000008,-1.277400731999933],[37.39169693000008,-1.276141643999949],[37.39320755000006,-1.273434519999967],[37.39352035500008,-1.271671771999934],[37.39352035500008,-1.270223855999973],[37.39232635500008,-1.268398284999933],[37.39012908900003,-1.268267154999933],[37.38725280800003,-1.270015954999963],[37.38527679400005,-1.270072340999946],[37.38144302400008,-1.267590164999945],[37.37879180900006,-1.265051602999961],[37.37377166700003,-1.265954136999937],[37.37387847900004,-1.255215525999972],[37.37493896500007,-1.248476981999943],[37.37367630000006,-1.246049880999976],[37.37217330900006,-1.245386361999977],[37.37173461900005,-1.244399427999952],[37.37050628700007,-1.243946432999962],[37.369018555000025,-1.242393016999927],[37.368564606000064,-1.238380312999937],[37.365909576000035,-1.232490539999958],[37.36396789600008,-1.225241660999927],[37.36112213100006,-1.221164106999936],[37.35684967000003,-1.211941241999966],[37.35111999500003,-1.203689097999927],[37.34930801400003,-1.202006220999976],[37.347335815000065,-1.196763872999952],[37.34384155300006,-1.192039131999934],[37.343517303000056,-1.188349961999961],[37.342609406000065,-1.187184929999944],[37.342609406000065,-1.183981179999933],[37.34532928500005,-1.177282452999975],[37.34542465200008,-1.175534963999951],[37.34393692000003,-1.172169446999931],[37.343971252000074,-1.171069025999941],[37.34548950200008,-1.170033573999945],[37.34594345100004,-1.16799485699994],[37.34688186600005,-1.166991590999942],[37.34827423100006,-1.168221353999968],[37.350021362000064,-1.172492980999948],[37.35713958700006,-1.172590136999929],[37.36267471300005,-1.175470232999942],[37.36513519300007,-1.175793885999951],[37.366203308000024,-1.175567268999942],[37.366947174000074,-1.173010825999938],[37.36956787100007,-1.171845793999978],[37.373062134000065,-1.165211796999927],[37.37610244800004,-1.16226685],[37.37707519500003,-1.160551785999928],[37.38036727900004,-1.158110498999974],[37.38168335000006,-1.160536527999966],[37.38249588000008,-1.16105198899993]]]}},{"type":"Feature","properties":{"OBJECTID_1":313,"OBJECTID":725,"COUNTY_NAM":"MACHAKOS","CONST_CODE":82,"CONSTITUEN":"MWALA","COUNTY_ASS":406,"COUNTY_A_1":"MAKUTANO/MWALA","COUNTY_COD":16,"Shape_Leng":0.63212428235,"Shape_Le_1":0.63212428235,"Shape_Area":0.01427820198,"county_name":"MACHAKOS","ward_name":"MAKUTANO/MWALA","ward_code":406,"constituency_name":"MWALA","constituency_code":82,"source_file":"ward_406.geojson"},"geometry":{"type":"Polygon","coordinates":[[[37.51388931300005,-1.264062642999932],[37.51439285300006,-1.266031622999947],[37.51996994000007,-1.272872566999979],[37.52737045300006,-1.28360831699996],[37.53018569900007,-1.289414643999976],[37.532745361000025,-1.293065070999944],[37.53968811000004,-1.30552542199996],[37.541355133000025,-1.306416511999942],[37.546802521000075,-1.304620027999931],[37.555164337000065,-1.305180549999932],[37.55794143700007,-1.30756628499995],[37.56002426100008,-1.31286954899997],[37.55728149400005,-1.313661217999936],[37.55620956400003,-1.313387989999967],[37.556064606000064,-1.31395542599995],[37.55425643900003,-1.31485915199994],[37.55307006800007,-1.313913464999928],[37.55325698900003,-1.312789082999927],[37.55188369800004,-1.312042951999956],[37.550189972000055,-1.31230568899997],[37.54820251500007,-1.313682317999962],[37.548339844000054,-1.316120147999925],[37.54747772200005,-1.316687583999965],[37.54846191400003,-1.317817568999942],[37.54813003500004,-1.318876623999927],[37.54729080200008,-1.318950533999953],[37.546195984000065,-1.317534446999957],[37.54465866100003,-1.318088530999944],[37.544067383000026,-1.317128061999938],[37.54349899300007,-1.31732511499996],[37.54236602800006,-1.319923400999926],[37.54121017500006,-1.318482636999931],[37.53924942000003,-1.319135307999943],[37.540790558000026,-1.319923400999926],[37.54144287100007,-1.321918367999956],[37.540840149000076,-1.324701308999977],[37.539619446000074,-1.325390934999973],[37.539203644000054,-1.326905607999947],[37.53826522800006,-1.327435135999963],[37.54003906200006,-1.330058097999938],[37.538326263000044,-1.329971909999927],[37.538391113000046,-1.332139133999931],[37.53709793100006,-1.332336186999953],[37.53609848000008,-1.331067800999961],[37.536159515000065,-1.329713224999978],[37.53517532300003,-1.330341338999972],[37.53422546400003,-1.330132007999964],[37.53394317600004,-1.33170819299994],[37.53155517600004,-1.333321213999966],[37.532466888000044,-1.333789348999972],[37.53216934200003,-1.335673450999934],[37.53330230700004,-1.336006044999976],[37.53247833300003,-1.340168117999951],[37.531063080000024,-1.341362595999954],[37.52556610100004,-1.342600345999927],[37.525661469000056,-1.344231366999964],[37.52485275300006,-1.344691395999973],[37.52556610100004,-1.345695256999932],[37.52500534100005,-1.346587419999935],[37.52516174300007,-1.348595022999973],[37.52260971100003,-1.349333881999939],[37.521770477000075,-1.350630402999968],[37.52333450300006,-1.358785867999927],[37.52119827300004,-1.361982702999967],[37.51953125000006,-1.362501024999972],[37.51816940300006,-1.363942861999931],[37.518795013000044,-1.36478531399996],[37.51829910300006,-1.365238904999956],[37.51881790200008,-1.365838288999953],[37.51818466200007,-1.368333219999954],[37.51878738400006,-1.369475364999971],[37.518356323000035,-1.36989665],[37.51860809300007,-1.371314167999969],[37.51718902600004,-1.371510505999936],[37.51597213700006,-1.372655152999926],[37.515567780000026,-1.372389316999943],[37.514987946000076,-1.373848795999948],[37.51441192600004,-1.373729347999927],[37.512641907000045,-1.375118493999935],[37.51250076300005,-1.375807404999932],[37.512058258000025,-1.375694274999944],[37.51184082000003,-1.377164840999967],[37.50797271700003,-1.379046678999941],[37.50790405300006,-1.379929422999965],[37.50853347800006,-1.380558967999946],[37.51077270500008,-1.379898309999931],[37.51108932500006,-1.381018161999975],[37.50780868500004,-1.389925479999931],[37.50814819300007,-1.392239331999974],[37.51025772100007,-1.394642590999979],[37.51047897300003,-1.395662068999968],[37.508926392000035,-1.398987888999955],[37.50610733000008,-1.40178227399997],[37.50062942500006,-1.403347134999933],[37.498508453000056,-1.405337929999973],[37.49317169200003,-1.404375195999933],[37.48950195300006,-1.403085946999966],[37.48080062900004,-1.403074383999979],[37.47728729200003,-1.408004998999957],[37.47565078700006,-1.408770679999975],[37.47007370000006,-1.409159540999951],[37.46100235000006,-1.419851541999947],[37.45669174200003,-1.415416359999938],[37.45218658400006,-1.416869639999959],[37.44953155500008,-1.419432281999946],[37.44419097900004,-1.417534470999954],[37.44326400800003,-1.41876065699995],[37.44227600100004,-1.418504118999977],[37.44066619900008,-1.41958963899998],[37.439746857000046,-1.421392082999944],[37.43989181500007,-1.422845720999931],[37.43893051100008,-1.423670649999963],[37.438343048000036,-1.425894140999958],[37.43608474700005,-1.429029225999955],[37.43492889400005,-1.42851114299998],[37.43150329600007,-1.424087404999966],[37.421005249000075,-1.421259641999939],[37.41791534400005,-1.419913529999974],[37.41253280600006,-1.416112780999924],[37.41221618700007,-1.412470459999952],[37.407962799000074,-1.408786534999933],[37.40650939900007,-1.406332611999972],[37.40628433200004,-1.405536293999944],[37.40771865800008,-1.405393838999942],[37.406311035000044,-1.400790929999971],[37.40644073500005,-1.394333958999937],[37.40746307400008,-1.39242],[37.404647827000076,-1.387813090999941],[37.40503311200007,-1.386406540999928],[37.40669632000004,-1.385703324999952],[37.40644073500005,-1.384744405999925],[37.40413665800003,-1.383721470999944],[37.40369033800005,-1.382890462999967],[37.405929565000065,-1.381611823999947],[37.40720748900003,-1.379118561999974],[37.40714263900003,-1.375858067999957],[37.40366745000006,-1.373750924999968],[37.40377426100008,-1.371444820999955],[37.40466308600003,-1.369553088999965],[37.40743255600006,-1.36730909299996],[37.40764236500007,-1.365544199999931],[37.41043853800005,-1.364683031999959],[37.410091400000056,-1.363669990999938],[37.40829849200003,-1.362124323999979],[37.40821075400004,-1.360755562999941],[37.409301758000026,-1.359437584999967],[37.41024398800005,-1.35451781699993],[37.41310119600007,-1.353754162999962],[37.41438674900007,-1.352598189999981],[37.416931152000075,-1.352477907999969],[37.41687774700006,-1.351540922999959],[37.41806411700003,-1.349255442999947],[37.42216491700003,-1.346588253999926],[37.42380523700007,-1.346210479999968],[37.42399215700004,-1.344888448999939],[37.42354965200008,-1.34060752399995],[37.420597076000035,-1.331731199999979],[37.42040252700008,-1.325183510999977],[37.41964721700003,-1.322413324999957],[37.414737701000035,-1.315866231999962],[37.41274642900004,-1.315177320999965],[37.41650390600006,-1.312717914999951],[37.418540955000026,-1.312780737999958],[37.42339706400003,-1.310464620999937],[37.42557907100007,-1.311678528999948],[37.43084716800007,-1.312480687999937],[37.43559646600005,-1.310380815999963],[37.43750762900004,-1.307443856999953],[37.440074921000075,-1.30607914899997],[37.44157409700006,-1.303088068999955],[37.44270706200007,-1.303341030999945],[37.44819259600007,-1.300951599999962],[37.45122528100006,-1.301544546999935],[37.45220184300007,-1.300977825999951],[37.45394897500006,-1.298396586999957],[37.453433990000065,-1.294690608999929],[37.45458602900004,-1.293059706999941],[37.45462799100005,-1.291751741999974],[37.45703506500007,-1.289477824999949],[37.45722961400003,-1.286147593999942],[37.45793914800004,-1.284685968999952],[37.45933914200003,-1.285394191999956],[37.46434402500006,-1.285153030999936],[37.46813964800003,-1.28424894799997],[37.469139099000074,-1.283470987999976],[37.47095108000008,-1.283718108999949],[37.47561645500008,-1.281673788999967],[37.479701996000074,-1.281152605999978],[37.48109817500006,-1.281566857999962],[37.48192977900004,-1.28054463899997],[37.48616027800006,-1.280332803999954],[37.490455627000074,-1.275605678999966],[37.491722107000044,-1.274996518999956],[37.492561340000066,-1.273130297999956],[37.49237823500005,-1.269791244999965],[37.493022919000055,-1.269197463999944],[37.49537658700007,-1.268194913999935],[37.49694824200003,-1.268410801999949],[37.50006485000006,-1.267362117999937],[37.50365829500004,-1.264917611999977],[37.50674438500005,-1.263783931999967],[37.50711441000004,-1.264169573999936],[37.50905609100005,-1.261961936999967],[37.513431549000074,-1.263559579999935],[37.51388931300005,-1.264062642999932]]]}},{"type":"Feature","properties":{"OBJECTID_1":322,"OBJECTID":754,"COUNTY_NAM":"MACHAKOS","CONST_CODE":82,"CONSTITUEN":"MWALA","COUNTY_ASS":407,"COUNTY_A_1":"MASII","COUNTY_COD":16,"Shape_Leng":0.73829100178,"Shape_Le_1":0.73829100179,"Shape_Area":0.0127684708,"county_name":"MACHAKOS","ward_name":"MASII","ward_code":407,"constituency_name":"MWALA","constituency_code":82,"source_file":"ward_407.geojson"},"geometry":{"type":"Polygon","coordinates":[[[37.51863098100006,-1.371702908999964],[37.51945114100005,-1.374011516999929],[37.52005767800006,-1.37407636599994],[37.51966857900004,-1.374513744999945],[37.52009964000007,-1.375113129999932],[37.51987838700006,-1.377057194999964],[37.521938324000075,-1.37946295699993],[37.52217102100008,-1.38121259199994],[37.52315902700008,-1.382767915999978],[37.52290725700004,-1.38324582599995],[37.52357482900004,-1.383407711999951],[37.52548599200003,-1.387838601999931],[37.525573730000076,-1.390706181999974],[37.52582550000005,-1.391313671999967],[37.52639007600004,-1.390981554999939],[37.527389526000036,-1.39358985399997],[37.52706527700008,-1.396805643999926],[37.52793884300007,-1.397542714999929],[37.51944732700008,-1.413716673999943],[37.51939392100007,-1.415383100999975],[37.52132034300007,-1.417960881999932],[37.521736145000034,-1.419809460999943],[37.517829895000034,-1.425537824999935],[37.51296234100005,-1.429573654999956],[37.510623932000044,-1.429021834999958],[37.509803772000055,-1.426697730999933],[37.50781250000006,-1.425486921999948],[37.501991272000055,-1.426131367999972],[37.500858307000044,-1.425164699999925],[37.499942780000026,-1.42567980299998],[37.49829101600005,-1.42855620399996],[37.49291229200003,-1.430976390999945],[37.48664093000008,-1.432581185999936],[37.48557281500007,-1.433502435999969],[37.484157562000064,-1.438959001999933],[37.481941223000035,-1.440693377999935],[37.481113434000065,-1.444691061999947],[37.47854232800006,-1.445426105999957],[37.47505950900006,-1.451676129999953],[37.47079467800006,-1.45588874799995],[37.46980285600006,-1.461480497999958],[37.46713256800007,-1.463172435999979],[37.46710205100004,-1.464448928999957],[37.46569061300005,-1.466734408999969],[37.46508407600004,-1.467194556999971],[37.46349716200007,-1.467075824999938],[37.46260452300004,-1.471320509999941],[37.46365737900004,-1.472136735999925],[37.46294784500003,-1.473071813999979],[37.463390350000054,-1.476292371999932],[37.462234497000054,-1.477168082999924],[37.463748932000044,-1.478503822999926],[37.46371841400003,-1.479780196999968],[37.464889526000036,-1.480937838999978],[37.462188721000075,-1.482703923999964],[37.46041488600008,-1.484588860999963],[37.45979309100005,-1.486117481999941],[37.457538605000025,-1.487391828999932],[37.454734802000075,-1.49229],[37.45338821400003,-1.498248934999936],[37.45143127400007,-1.501226305999978],[37.45138931300005,-1.503154396999946],[37.45298767100007,-1.505528091999963],[37.45294189500004,-1.506433844999947],[37.45612335200008,-1.509878277999974],[37.45748138400006,-1.510223865999933],[37.45898437500006,-1.511511086999974],[37.46190261800007,-1.511427640999955],[37.46457290600006,-1.51230955099993],[37.46585083000008,-1.51203548899997],[37.46741104100005,-1.513239144999943],[37.46782684300007,-1.514395236999974],[37.470653534000064,-1.515444039999977],[37.47045135500008,-1.516397475999952],[37.47131729100005,-1.518085360999976],[37.46916580200008,-1.518398403999925],[37.46588897700008,-1.517233371999964],[37.461399078000056,-1.51903533899997],[37.45939254800004,-1.518693565999968],[37.45867538500005,-1.520931362999932],[37.45526504500003,-1.521152972999971],[37.453746796000075,-1.523216127999945],[37.45192337000003,-1.523574113999928],[37.45011520400004,-1.527956008999979],[37.448394775000054,-1.52909839199998],[37.446807861000025,-1.529013156999952],[37.44396209700005,-1.530769347999978],[37.441318512000066,-1.53088867699995],[37.440433502000076,-1.530445456999928],[37.43944168100006,-1.528058409999971],[37.43881225600006,-1.527751445999968],[37.437721252000074,-1.530990957999961],[37.43495941200007,-1.531792401999951],[37.433082581000065,-1.530155539999953],[37.431327820000035,-1.531519531999948],[37.429008484000065,-1.530104398999924],[37.42808914200003,-1.531280874999936],[37.42704772900004,-1.531417250999937],[37.42145538300008,-1.530036210999924],[37.41598129300007,-1.527376412999956],[37.41413879400005,-1.527444600999957],[37.41275787400008,-1.525858878999941],[37.40987777700008,-1.525313257999926],[37.40873718300003,-1.523591160999956],[37.40655136100003,-1.523915171999931],[37.39908599900008,-1.520232319999934],[37.39396667500006,-1.521228074999954],[37.38708877600004,-1.520124077999981],[37.38671493500004,-1.519691347999981],[37.38698577900004,-1.516956328999925],[37.38436889600007,-1.516213535999953],[37.382301331000065,-1.512208342999941],[37.37855529800004,-1.508881568999925],[37.37900543200004,-1.506782173999966],[37.37807083100006,-1.504133581999952],[37.374065399000074,-1.502486347999934],[37.371555328000056,-1.499963998999931],[37.370838165000066,-1.495898842999964],[37.368206024000074,-1.496722578999936],[37.366970062000064,-1.495307921999938],[37.36922836300005,-1.494233369999961],[37.368995667000036,-1.493230580999978],[37.36742019700006,-1.492299317999937],[37.36869049100005,-1.491009950999967],[37.36799240100004,-1.489416241999948],[37.36883544900007,-1.487804531999927],[37.366954803000056,-1.488001465999957],[37.36569976800007,-1.487535833999971],[37.36634445200008,-1.485368966999943],[37.36480331400003,-1.484008073999974],[37.36518096900005,-1.483273744999963],[37.36946106000005,-1.481053232999955],[37.36779403700007,-1.478331207999929],[37.369155884000065,-1.477292537999972],[37.36874389600007,-1.475698708999971],[37.36980056800007,-1.474355697999954],[37.36832809400005,-1.472989320999943],[37.37007522600004,-1.471384763999936],[37.36752319300007,-1.470754384999964],[37.36804199200003,-1.468848824999952],[37.36593627900004,-1.467101215999946],[37.36699295000005,-1.465883492999978],[37.36660766600005,-1.463132738999946],[37.363971710000044,-1.460869192999951],[37.364330292000034,-1.460124134999944],[37.36653518700007,-1.460582732999967],[37.367424011000026,-1.46025323899994],[37.366794586000026,-1.458168744999966],[37.368526459000066,-1.458317756999975],[37.36803436300005,-1.455440997999972],[37.36848068200004,-1.454088568999964],[37.367919922000056,-1.453194617999941],[37.36651992800006,-1.452644466999971],[37.36395263700007,-1.452782034999927],[37.36193466200007,-1.450558542999943],[37.364284515000065,-1.446604608999962],[37.364044189000026,-1.444621800999926],[37.36489486700003,-1.442833780999933],[37.36429595900006,-1.441401242999973],[37.36513519300007,-1.439796685999966],[37.36435318000008,-1.438295244999949],[37.36486053500005,-1.437011599999948],[37.36599350000006,-1.436071753999954],[37.36339187600004,-1.435086130999935],[37.35934448200004,-1.436003088999939],[37.358726501000035,-1.434707998999954],[37.36152267500006,-1.43351602599995],[37.35902404800004,-1.432117700999925],[37.35887527500006,-1.431063293999955],[37.35972976700003,-1.429498910999939],[37.35953903200004,-1.427701830999979],[37.35915374800004,-1.426830768999935],[37.35766983000008,-1.427356719999978],[37.357402802000024,-1.426313876999927],[37.35776519800004,-1.423747181999943],[37.360256195000034,-1.421084761999964],[37.360466003000056,-1.418920516999947],[37.35981750500008,-1.417809485999953],[37.360218048000036,-1.416392206999944],[37.36106109600007,-1.415932416999965],[37.36088943500005,-1.414342641999951],[37.36510849000007,-1.413960337999924],[37.36510849000007,-1.409599542999956],[37.37002563500005,-1.409470796999926],[37.37141418500005,-1.410185455999965],[37.37504959100005,-1.408315419999951],[37.37659072900004,-1.410412549999933],[37.377414703000056,-1.410441159999948],[37.37769699100005,-1.408588051999971],[37.37894058200004,-1.407497882999962],[37.37933349600007,-1.405590414999949],[37.38119506800007,-1.403442739999946],[37.38341903700007,-1.402625202999957],[37.38392257700008,-1.401382445999957],[37.38833236700003,-1.401084184999945],[37.38938903800005,-1.400519728999939],[37.39141464200003,-1.401431440999943],[37.39329147300003,-1.40010583399993],[37.39369583100006,-1.398895382999967],[37.394950867000034,-1.399309157999937],[37.39609527600004,-1.398812531999965],[37.399288177000074,-1.399077414999965],[37.40361022900004,-1.400236010999947],[37.40518188500005,-1.405052542999954],[37.40628433200004,-1.405536293999944],[37.407962799000074,-1.408786534999933],[37.41221618700007,-1.412470459999952],[37.41253280600006,-1.416112780999924],[37.41791534400005,-1.419913529999974],[37.421005249000075,-1.421259641999939],[37.43150329600007,-1.424087404999966],[37.43492889400005,-1.42851114299998],[37.43608474700005,-1.429029225999955],[37.438343048000036,-1.425894140999958],[37.43893051100008,-1.423670649999963],[37.43989181500007,-1.422845720999931],[37.439746857000046,-1.421392082999944],[37.44066619900008,-1.41958963899998],[37.44227600100004,-1.418504118999977],[37.44326400800003,-1.41876065699995],[37.44429397600004,-1.417523741999958],[37.44953155500008,-1.419432281999946],[37.45218658400006,-1.416869639999959],[37.45669174200003,-1.415416359999938],[37.46100235000006,-1.419851541999947],[37.47007370000006,-1.409159540999951],[37.47565078700006,-1.408770679999975],[37.47728729200003,-1.408004998999957],[37.48080062900004,-1.403074383999979],[37.48950195300006,-1.403085946999966],[37.49317169200003,-1.404375195999933],[37.498508453000056,-1.405337929999973],[37.50062942500006,-1.403347134999933],[37.50610733000008,-1.40178227399997],[37.508926392000035,-1.398987888999955],[37.51047897300003,-1.395662068999968],[37.51025772100007,-1.394642590999979],[37.50814819300007,-1.392239331999974],[37.50780868500004,-1.389925479999931],[37.51108932500006,-1.381018161999975],[37.51077270500008,-1.379898309999931],[37.50853347800006,-1.380558967999946],[37.50790405300006,-1.379929422999965],[37.50797271700003,-1.379046678999941],[37.51184082000003,-1.377164840999967],[37.512058258000025,-1.375694274999944],[37.51250076300005,-1.375807404999932],[37.512641907000045,-1.375118493999935],[37.51441192600004,-1.373729347999927],[37.514987946000076,-1.373848795999948],[37.515567780000026,-1.372389316999943],[37.51597213700006,-1.372655152999926],[37.51718902600004,-1.371510505999936],[37.51860809300007,-1.371314167999969],[37.51863098100006,-1.371702908999964]]]}},{"type":"Feature","properties":{"OBJECTID_1":321,"OBJECTID":753,"COUNTY_NAM":"MACHAKOS","CONST_CODE":82,"CONSTITUEN":"MWALA","COUNTY_ASS":408,"COUNTY_A_1":"MUTHETHENI","COUNTY_COD":16,"Shape_Leng":0.70454425929,"Shape_Le_1":0.70454425929,"Shape_Area":0.01103995747,"county_name":"MACHAKOS","ward_name":"MUTHETHENI","ward_code":408,"constituency_name":"MWALA","constituency_code":82,"source_file":"ward_408.geojson"},"geometry":{"type":"Polygon","coordinates":[[[37.501991272000055,-1.426131367999972],[37.50781250000006,-1.425486921999948],[37.509803772000055,-1.426697730999933],[37.510623932000044,-1.429021834999958],[37.51268386800007,-1.429627298999947],[37.51157760600006,-1.431428431999962],[37.513416290000066,-1.434900044999949],[37.51321029700006,-1.436562776999949],[37.51502990700004,-1.43742823599996],[37.51476669300007,-1.438206195999953],[37.51671981800007,-1.440384387999927],[37.517402649000076,-1.440131544999929],[37.517559052000024,-1.441862463999939],[37.518413544000055,-1.442980765999948],[37.521896362000064,-1.444186567999964],[37.52265167200005,-1.445703505999973],[37.52476501500007,-1.445849298999974],[37.52590179400005,-1.448727726999948],[37.52555084200003,-1.450137733999952],[37.52630996700003,-1.452208876999976],[37.53174591100003,-1.451489328999969],[37.532787323000036,-1.452704905999951],[37.53638076800007,-1.453852772999937],[37.53741455100004,-1.45288538899996],[37.53760147100007,-1.45152926399993],[37.53862762500006,-1.451386928999966],[37.53978347800006,-1.45225000399995],[37.54058075000006,-1.453995108999948],[37.54231643700007,-1.452762126999971],[37.543956757000046,-1.453482984999937],[37.543956757000046,-1.455503105999981],[37.54456329300007,-1.456157803999929],[37.54648590100004,-1.456641554999976],[37.548976898000035,-1.456216454999947],[37.55017852800006,-1.457286476999968],[37.551704407000045,-1.456773399999975],[37.55500030500008,-1.459045409999931],[37.55889892600004,-1.464703320999945],[37.55929565400004,-1.468221187999973],[37.561595917000034,-1.470155953999949],[37.56267547600004,-1.472101330999976],[37.56254196200007,-1.478780626999935],[37.56320190400004,-1.481219529999976],[37.567760468000074,-1.48457753699995],[37.56819152800006,-1.485864400999958],[37.56735611000005,-1.486918448999973],[37.567760468000074,-1.490104913999971],[37.56849670400004,-1.491024016999972],[37.57011413600003,-1.497053861999973],[37.56966018700007,-1.499468802999957],[37.570125580000024,-1.500947117999942],[37.571529388000044,-1.502481579999937],[37.575778961000026,-1.504895448999946],[37.57661819500004,-1.507683634999978],[37.57652664200003,-1.51002275899998],[37.57834243800005,-1.510696410999969],[37.57903289800004,-1.512511491999931],[37.58045578000008,-1.512904405999962],[37.580513,-1.514120816999935],[37.58404922500006,-1.517919420999931],[37.58352279700006,-1.518724083999928],[37.58358001700003,-1.520670175999953],[37.585002899000074,-1.519715785999949],[37.58826065100004,-1.518836378999936],[37.59011077900004,-1.516628264999952],[37.59263610800008,-1.512062429999958],[37.59419250500008,-1.505569099999946],[37.59853363000008,-1.501227735999976],[37.600891113000046,-1.500179886999945],[37.60321044900007,-1.498140215999968],[37.60494995100004,-1.494360327999971],[37.60680389400005,-1.492773532999934],[37.609645844000056,-1.496849059999931],[37.61211776700003,-1.504091858999971],[37.603458405000026,-1.513815283999975],[37.60516738900003,-1.524831413999948],[37.603786469000056,-1.528293132999977],[37.60545730600006,-1.530964731999973],[37.60619735700004,-1.53130340599995],[37.60191726700003,-1.533300160999943],[37.598625183000024,-1.541313528999979],[37.60048294100005,-1.542456030999972],[37.60048294100005,-1.544032692999963],[37.601711273000035,-1.544301866999945],[37.60455703700006,-1.54795491699997],[37.60535049400005,-1.550799250999944],[37.60515976000005,-1.551687955999967],[37.60417556800007,-1.552072166999949],[37.60472869900008,-1.553345202999935],[37.60830688500005,-1.55183208],[37.60847473100006,-1.550198792999936],[37.61101913500005,-1.549478291999947],[37.61104965200008,-1.550717710999948],[37.61317062400008,-1.550936579999927],[37.614879608000024,-1.553111552999951],[37.615207672000054,-1.554452061999939],[37.616222382000046,-1.554602622999937],[37.61705398600003,-1.556079864999958],[37.62114334100005,-1.559773206999978],[37.62276077300004,-1.56049823799998],[37.61894226100003,-1.562714218999929],[37.62118530300006,-1.564574598999968],[37.62159729000007,-1.56900656199997],[37.62081527700008,-1.568678259999956],[37.61950302100007,-1.56924593399998],[37.61862564100005,-1.566824674999964],[37.61476516700003,-1.563860535999936],[37.613208771000075,-1.564065217999939],[37.61104202300004,-1.565797566999947],[37.60824585000006,-1.566124915999978],[37.60744094800003,-1.56533372399997],[37.60784912100007,-1.562319159999959],[37.60668945300006,-1.560886978999974],[37.602272034000066,-1.561528086999942],[37.599311829000044,-1.561187028999939],[37.59907913200004,-1.559754728999963],[37.60055160500008,-1.558649897999942],[37.60067367600004,-1.557817816999943],[37.59798812900004,-1.554557680999949],[37.59844970700004,-1.551774978999958],[37.59805679300007,-1.551133870999934],[37.59616088900003,-1.551570414999958],[37.59430313100006,-1.554298519999975],[37.590606689000026,-1.557463168999959],[37.58636474600007,-1.558718084999953],[37.582149506000064,-1.560791491999964],[37.58167266800007,-1.562250971999958],[37.578712463000045,-1.565047263999929],[37.57625961300005,-1.565497397999934],[37.57404708900003,-1.565115570999978],[37.573066711000024,-1.564037918999929],[37.575794220000034,-1.56050503299997],[37.576122284000064,-1.557845115999953],[37.56859207200006,-1.557517766999979],[37.56230545000005,-1.560041188999946],[37.560203552000075,-1.557831406999981],[37.556724548000034,-1.557654141999933],[37.55601501500007,-1.555689930999961],[37.55675125100004,-1.554475903999958],[37.56051635700004,-1.554134845999954],[37.56274032600004,-1.553330063999965],[37.56332778900003,-1.551679491999948],[37.561717987000065,-1.550724744999968],[37.552207947000056,-1.548910498999931],[37.550804138000046,-1.548051118999979],[37.54985046400003,-1.546414255999935],[37.549919128000056,-1.545145749999961],[37.551185608000026,-1.543986200999939],[37.55455398600003,-1.542513012999962],[37.55519866900005,-1.540862559999937],[37.55047607400007,-1.536906837999936],[37.54511642500006,-1.537029504999964],[37.544872284000064,-1.539730429999963],[37.54425811800007,-1.540821670999947],[37.54068374600007,-1.539934992999974],[37.53499603300003,-1.540071367999929],[37.530738831000065,-1.537929772999974],[37.52753448500005,-1.538270830999977],[37.52577590900006,-1.536661266999943],[37.52386474600007,-1.536879538999926],[37.52293777500006,-1.538066267999966],[37.52211761500007,-1.538243531999967],[37.520153046000075,-1.536156534999975],[37.52024841300005,-1.534233211999947],[37.52120590200008,-1.532459973999949],[37.51783371000005,-1.532078027999944],[37.51770019500003,-1.527303814999925],[37.51453399700006,-1.52512133099998],[37.51162719700005,-1.524752974999956],[37.50806808500005,-1.52771306],[37.50532531700003,-1.527522086999966],[37.502708435000045,-1.526171683999962],[37.50083923300008,-1.52403008899995],[37.49789047200005,-1.524239301999955],[37.49666214000007,-1.522204398999975],[37.49394226100003,-1.51995182],[37.48661041300005,-1.515182852999942],[37.483520508000026,-1.516285776999951],[37.48238372800006,-1.517435311999975],[37.47935485800008,-1.516254662999927],[37.475612640000065,-1.516534327999977],[37.47421264600007,-1.520806192999942],[37.47275543200004,-1.518476128999964],[37.47131729100005,-1.518085360999976],[37.47045135500008,-1.516397475999952],[37.470653534000064,-1.515444039999977],[37.46782684300007,-1.514395236999974],[37.46741104100005,-1.513239144999943],[37.46585083000008,-1.51203548899997],[37.46457290600006,-1.51230955099993],[37.46190261800007,-1.511427640999955],[37.460784912000065,-1.511808990999953],[37.458686829000044,-1.511415600999953],[37.45748138400006,-1.510223865999933],[37.45612335200008,-1.509878277999974],[37.453441620000035,-1.507327794999981],[37.45298767100007,-1.505528091999963],[37.45138931300005,-1.503154396999946],[37.45136642500006,-1.501840710999943],[37.45174789400005,-1.500293850999981],[37.453609467000035,-1.497685193999928],[37.454734802000075,-1.49229],[37.457538605000025,-1.487391828999932],[37.45979309100005,-1.486117481999941],[37.46041488600008,-1.484588860999963],[37.462188721000075,-1.482703923999964],[37.464889526000036,-1.480937838999978],[37.46371841400003,-1.479780196999968],[37.463748932000044,-1.478503822999926],[37.462234497000054,-1.477168082999924],[37.463390350000054,-1.476292371999932],[37.46294784500003,-1.473071813999979],[37.46365737900004,-1.472136735999925],[37.46260452300004,-1.471320509999941],[37.46349716200007,-1.467075824999938],[37.46508407600004,-1.467194556999971],[37.46569061300005,-1.466734408999969],[37.46710205100004,-1.464448928999957],[37.46713256800007,-1.463172435999979],[37.46980285600006,-1.461480497999958],[37.47079467800006,-1.45588874799995],[37.47505950900006,-1.451676129999953],[37.47854232800006,-1.445426105999957],[37.481113434000065,-1.444691061999947],[37.481941223000035,-1.440693377999935],[37.484157562000064,-1.438959001999933],[37.48557281500007,-1.433502435999969],[37.48664093000008,-1.432581185999936],[37.49291229200003,-1.430976390999945],[37.49829101600005,-1.42855620399996],[37.499942780000026,-1.42567980299998],[37.500858307000044,-1.425164699999925],[37.50167846700003,-1.42595565299996],[37.501991272000055,-1.426131367999972]]]}},{"type":"Feature","properties":{"OBJECTID_1":312,"OBJECTID":724,"COUNTY_NAM":"MACHAKOS","CONST_CODE":82,"CONSTITUEN":"MWALA","COUNTY_ASS":409,"COUNTY_A_1":"WAMUNYU","COUNTY_COD":16,"Shape_Leng":0.69376304571,"Shape_Le_1":0.69376304571,"Shape_Area":0.01714985424,"county_name":"MACHAKOS","ward_name":"WAMUNYU","ward_code":409,"constituency_name":"MWALA","constituency_code":82,"source_file":"ward_409.geojson"},"geometry":{"type":"Polygon","coordinates":[[[37.552627563000044,-1.312694429999965],[37.55337524400005,-1.312904595999953],[37.55307006800007,-1.313913464999928],[37.55390930200008,-1.314806580999971],[37.55485534700006,-1.314817308999977],[37.55620956400003,-1.313387989999967],[37.55728149400005,-1.313661217999936],[37.55983734100005,-1.312820672999976],[37.56147384600007,-1.314795493999952],[37.56364440900006,-1.315973996999958],[37.57081604000007,-1.315398931999937],[37.57423782300003,-1.317928432999963],[37.580329895000034,-1.317482828999971],[37.581352234000065,-1.318388342999924],[37.58189773600003,-1.320371627999975],[37.58367919900007,-1.322369336999941],[37.58599472000003,-1.327399491999927],[37.587745667000036,-1.329727649999938],[37.59047699000007,-1.330834388999961],[37.59615325900006,-1.331121801999927],[37.59904480000006,-1.336669325999935],[37.60224914600008,-1.339083790999951],[37.60479354900008,-1.341857671999946],[37.60553741500007,-1.343194126999947],[37.606040955000026,-1.347318887999961],[37.60874557500006,-1.350509404999968],[37.610137939000026,-1.356459259999951],[37.61240768400006,-1.357609152999942],[37.615226746000076,-1.361518263999926],[37.61483764600007,-1.363386630999969],[37.615543365000065,-1.367496966999966],[37.61503982500005,-1.369782089999944],[37.61541366600005,-1.371981024999968],[37.61857605000006,-1.373935579999966],[37.624137878000056,-1.375559567999972],[37.624942780000026,-1.376350044999924],[37.621936798000036,-1.380316733999962],[37.62160873400006,-1.381753921999973],[37.62249755900007,-1.382256865999977],[37.62571716300005,-1.381883263999953],[37.62709808300008,-1.383033036999962],[37.62783050500008,-1.387976884999944],[37.626777649000076,-1.393134593999946],[37.627605438000046,-1.394859194999981],[37.63008499100005,-1.398056983999936],[37.63346099900008,-1.398542046999978],[37.63735961900005,-1.400661825999976],[37.639068604000045,-1.403284787999951],[37.642749786000024,-1.405835747999959],[37.64375305200008,-1.408779739999943],[37.64572906500007,-1.411317347999955],[37.645885468000074,-1.412417649999952],[37.64487457300004,-1.41439378299998],[37.64467620800008,-1.416145324999945],[37.64572906500007,-1.419311642999958],[37.64509964000007,-1.424386739999932],[37.64745712300004,-1.428473710999924],[37.64923477200006,-1.433863162999955],[37.65215301500007,-1.437388777999956],[37.65217590300006,-1.447538852999969],[37.65289306600005,-1.448302387999945],[37.65842819200003,-1.450696348999941],[37.65713501000005,-1.452319144999933],[37.65756988500004,-1.453801154999951],[37.656398773000035,-1.454643845999954],[37.65494537400008,-1.454149841999936],[37.653163910000046,-1.456038593999949],[37.65239715600006,-1.456193565999968],[37.65278625500008,-1.457607745999951],[37.651584625000055,-1.459108948999926],[37.650604248000036,-1.459273695999968],[37.65001678500005,-1.458305119999977],[37.64851379400005,-1.457840203999979],[37.64792251600005,-1.458382606999976],[37.64808654800004,-1.459457635999968],[37.64603424100005,-1.461520790999941],[37.64408874500003,-1.461733817999971],[37.64327240000006,-1.46128833299997],[37.64179992700008,-1.461762904999944],[37.641761780000024,-1.462925195999958],[37.64001846300005,-1.464145659999929],[37.63874054000007,-1.466169952999962],[37.637531281000065,-1.465646981999953],[37.63645553600003,-1.466596245999938],[37.63546752900004,-1.464891433999981],[37.634548187000064,-1.464968919999933],[37.62916946400003,-1.469104885999968],[37.62813568100006,-1.470799803999967],[37.62802887000004,-1.473928451999939],[37.62511444100005,-1.476030230999925],[37.62443542500006,-1.480553507999957],[37.622081757000046,-1.482141971999965],[37.619010925000055,-1.482984661999979],[37.61863327000003,-1.483904718999952],[37.619514465000066,-1.485222100999977],[37.61957168600003,-1.486984967999945],[37.616493225000056,-1.490123152999956],[37.615718842000035,-1.491818189999947],[37.61571502700008,-1.49284565399995],[37.61935043300008,-1.492583870999965],[37.623363495000035,-1.490838407999945],[37.62118148800005,-1.494765281999946],[37.618827820000035,-1.495318173999976],[37.615741730000025,-1.49823],[37.613304138000046,-1.498842715999956],[37.611320496000076,-1.501207947999944],[37.609458923000034,-1.496493458999964],[37.60822677600004,-1.495370745999935],[37.60680389400005,-1.492773532999934],[37.60577392600004,-1.493480801999965],[37.60321044900007,-1.498140215999968],[37.600891113000046,-1.500179886999945],[37.59853363000008,-1.501227735999976],[37.59419250500008,-1.505569099999946],[37.59263610800008,-1.512062429999958],[37.59011077900004,-1.516628264999952],[37.58826065100004,-1.518836378999936],[37.585002899000074,-1.519715785999949],[37.58358001700003,-1.520670175999953],[37.58352279700006,-1.518724083999928],[37.58404922500006,-1.517919420999931],[37.580513,-1.514120816999935],[37.58045578000008,-1.512904405999962],[37.57903289800004,-1.512511491999931],[37.57834243800005,-1.510696410999969],[37.57652664200003,-1.51002275899998],[37.57661819500004,-1.507683634999978],[37.575778961000026,-1.504895448999946],[37.571529388000044,-1.502481579999937],[37.570125580000024,-1.500947117999942],[37.56966018700007,-1.499468802999957],[37.57011413600003,-1.497053861999973],[37.56849670400004,-1.491024016999972],[37.567760468000074,-1.490104913999971],[37.56735611000005,-1.486918448999973],[37.56819152800006,-1.485864400999958],[37.567760468000074,-1.48457753699995],[37.56320190400004,-1.481219529999976],[37.56254196200007,-1.478780626999935],[37.56267547600004,-1.472101330999976],[37.561595917000034,-1.470155953999949],[37.55929565400004,-1.468221187999973],[37.55889892600004,-1.464703320999945],[37.55536651600005,-1.459485172999962],[37.551704407000045,-1.456773399999975],[37.55017852800006,-1.457286476999968],[37.548976898000035,-1.456216454999947],[37.54648590100004,-1.456641554999976],[37.54456329300007,-1.456157803999929],[37.543956757000046,-1.455503105999981],[37.543956757000046,-1.453482984999937],[37.54231643700007,-1.452762126999971],[37.54058075000006,-1.453995108999948],[37.53978347800006,-1.45225000399995],[37.53862762500006,-1.451386928999966],[37.53760147100007,-1.45152926399993],[37.53741455100004,-1.45288538899996],[37.53638076800007,-1.453852772999937],[37.532787323000036,-1.452704905999951],[37.53174591100003,-1.451489328999969],[37.52630996700003,-1.452208876999976],[37.52555084200003,-1.450137733999952],[37.52590179400005,-1.448727726999948],[37.52476501500007,-1.445849298999974],[37.52265167200005,-1.445703505999973],[37.521896362000064,-1.444186567999964],[37.518413544000055,-1.442980765999948],[37.517559052000024,-1.441862463999939],[37.517402649000076,-1.440131544999929],[37.51671981800007,-1.440384387999927],[37.51476669300007,-1.438206195999953],[37.51502990700004,-1.43742823599996],[37.51321029700006,-1.436562776999949],[37.513416290000066,-1.434900044999949],[37.51157760600006,-1.431428431999962],[37.51268386800007,-1.429627298999947],[37.51613998400006,-1.427360414999953],[37.517829895000034,-1.425537824999935],[37.521736145000034,-1.419809460999943],[37.52132034300007,-1.417960881999932],[37.51939392100007,-1.415383100999975],[37.51944732700008,-1.413716673999943],[37.52793884300007,-1.397542714999929],[37.52706527700008,-1.396805643999926],[37.52717590300006,-1.392658352999945],[37.52639007600004,-1.390981554999939],[37.52582550000005,-1.391313671999967],[37.525573730000076,-1.390706181999974],[37.52548599200003,-1.387838601999931],[37.52357482900004,-1.383407711999951],[37.52290725700004,-1.38324582599995],[37.52315902700008,-1.382767915999978],[37.52217102100008,-1.38121259199994],[37.521938324000075,-1.37946295699993],[37.51987838700006,-1.377057194999964],[37.52009964000007,-1.375113129999932],[37.51966857900004,-1.374513744999945],[37.52005767800006,-1.37407636599994],[37.51945114100005,-1.374011516999929],[37.51836395300006,-1.370131492999974],[37.51878738400006,-1.369475364999971],[37.51827621500007,-1.367393731999925],[37.51881790200008,-1.365838288999953],[37.51829910300006,-1.365238904999956],[37.518795013000044,-1.36478531399996],[37.51816940300006,-1.363942861999931],[37.51953125000006,-1.362501024999972],[37.52119827300004,-1.361982702999967],[37.52333450300006,-1.358785867999927],[37.521770477000075,-1.350630402999968],[37.52260971100003,-1.349333881999939],[37.52516174300007,-1.348595022999973],[37.52500534100005,-1.346587419999935],[37.52556610100004,-1.345695256999932],[37.52485275300006,-1.344691395999973],[37.525661469000056,-1.344231366999964],[37.525787354000045,-1.342321514999981],[37.528289795000035,-1.342224597999973],[37.529167175000055,-1.34148573899995],[37.531063080000024,-1.341362595999954],[37.53298187300004,-1.339343070999973],[37.53330230700004,-1.336006044999976],[37.53216934200003,-1.335673450999934],[37.532466888000044,-1.333789348999972],[37.53155517600004,-1.333321213999966],[37.53394317600004,-1.33170819299994],[37.53404235800008,-1.330328940999948],[37.536159515000065,-1.329713224999978],[37.53609848000008,-1.331067800999961],[37.53709793100006,-1.332336186999953],[37.538391113000046,-1.332139133999931],[37.538326263000044,-1.329971909999927],[37.54003906200006,-1.330058097999938],[37.53826522800006,-1.327435135999963],[37.539203644000054,-1.326905607999947],[37.539619446000074,-1.325390934999973],[37.540840149000076,-1.324701308999977],[37.54144287100007,-1.321918367999956],[37.540790558000026,-1.319923400999926],[37.539299011000026,-1.319369196999958],[37.53939819300007,-1.318913578999968],[37.54121017500006,-1.318482636999931],[37.54236602800006,-1.319923400999926],[37.54349899300007,-1.31732511499996],[37.544067383000026,-1.317128061999938],[37.54465866100003,-1.318088530999944],[37.546195984000065,-1.317534446999957],[37.54783248900003,-1.319024443999979],[37.54852294900007,-1.318310260999965],[37.54747772200005,-1.316687583999965],[37.548339844000054,-1.316120147999925],[37.54820251500007,-1.313682317999962],[37.550189972000055,-1.31230568899997],[37.55188369800004,-1.312042951999956],[37.55245971700003,-1.312589406999962],[37.552627563000044,-1.312694429999965]]]}},{"type":"Feature","properties":{"OBJECTID_1":337,"OBJECTID":824,"COUNTY_NAM":"MACHAKOS","CONST_CODE":82,"CONSTITUEN":"MWALA","COUNTY_ASS":410,"COUNTY_A_1":"KIBAUNI","COUNTY_COD":16,"Shape_Leng":0.70906020059,"Shape_Le_1":0.7090602006,"Shape_Area":0.0154724818,"county_name":"MACHAKOS","ward_name":"KIBAUNI","ward_code":410,"constituency_name":"MWALA","constituency_code":82,"source_file":"ward_410.geojson"},"geometry":{"type":"Polygon","coordinates":[[[37.659404755000025,-1.451176762999978],[37.665805817000034,-1.451625942999954],[37.667106628000056,-1.452456712999947],[37.668140411000024,-1.455039262999947],[37.671913147000055,-1.455914973999938],[37.67299270600006,-1.457486867999933],[37.67339706400003,-1.459283351999943],[37.67339706400003,-1.460788011999966],[37.67238616900005,-1.46247208099993],[37.67258834800003,-1.463886856999977],[37.67882919300007,-1.464021682999942],[37.680961609000065,-1.464605450999954],[37.684532166000054,-1.467929005999963],[37.68574523900003,-1.470668673999967],[37.68904876700003,-1.473026513999969],[37.68965530400004,-1.476080536999973],[37.69122695900006,-1.477831959999946],[37.69176483200005,-1.480122565999977],[37.69589614900008,-1.486792087999959],[37.69618988000008,-1.490340113999935],[37.69411087000003,-1.49644696699994],[37.696170807000044,-1.499457478999943],[37.69700241100003,-1.501746415999946],[37.699359894000054,-1.504295229999968],[37.70038604700005,-1.506909250999968],[37.701465607000046,-1.507975577999957],[37.70257186900005,-1.508170723999967],[37.70481872600004,-1.506597160999945],[37.706146240000066,-1.50672721899997],[37.71224594100005,-1.508716940999932],[37.71406555200008,-1.509861349999937],[37.71430206300005,-1.511851071999956],[37.71861648600003,-1.518067240999926],[37.71918869000007,-1.520681261999926],[37.720478058000026,-1.522657989999971],[37.72405242900004,-1.524010419999968],[37.724536896000075,-1.528445124999962],[37.72669220000006,-1.53096795099998],[37.730777740000065,-1.539304017999939],[37.73456192000003,-1.544414877999941],[37.73803329500004,-1.548524379999947],[37.74086761500007,-1.550709127999937],[37.74225997900004,-1.553128003999973],[37.744602203000056,-1.553700208999942],[37.74835205100004,-1.553268432999971],[37.750141144000054,-1.55407476399995],[37.750946045000035,-1.560034274999964],[37.75380325300006,-1.565938591999952],[37.753681183000026,-1.566423773999929],[37.75208663900003,-1.566417335999972],[37.750205994000055,-1.568515419999926],[37.745334625000055,-1.56875777199997],[37.74316406200006,-1.570925354999929],[37.73618698100006,-1.574860572999967],[37.73520278900003,-1.576578258999973],[37.73506927500006,-1.578777551999963],[37.73224258400006,-1.58104562799997],[37.73329544100005,-1.582285642999977],[37.73543167100007,-1.583118557999967],[37.73626709000007,-1.584490894999931],[37.736152649000076,-1.586429476999967],[37.73499298100006,-1.588657617999957],[37.73500824000007,-1.59247195699993],[37.733131409000066,-1.594473480999966],[37.73112869300007,-1.594813346999956],[37.72809600800008,-1.596865295999976],[37.729000092000035,-1.600323795999941],[37.72823333700006,-1.600943445999974],[37.72860717800006,-1.602187633999961],[37.72787094100005,-1.60254931399993],[37.72785568200004,-1.60333049299993],[37.72529602100008,-1.603894710999953],[37.723163605000025,-1.605327367999962],[37.72222900400004,-1.606753348999973],[37.719036102000075,-1.608452558999943],[37.71723938000008,-1.608156799999961],[37.71461486800007,-1.606654524999954],[37.71380233800005,-1.605009912999947],[37.71298599200003,-1.605257749999964],[37.711311340000066,-1.604551434999962],[37.71109008800005,-1.602717637999945],[37.70819091800007,-1.597153901999945],[37.70532608000008,-1.593548058999943],[37.70501709000007,-1.590623735999941],[37.703815460000044,-1.587575554999944],[37.70110321000004,-1.584019302999934],[37.700222015000065,-1.583399652999958],[37.69604873700007,-1.58711707599997],[37.69361877400007,-1.583498835999933],[37.693939209000064,-1.586720585999956],[37.692306519000056,-1.585877894999953],[37.689849854000045,-1.587872862999973],[37.68582534800004,-1.584254621999946],[37.68409729000007,-1.586310505999961],[37.68458938600003,-1.588500976999967],[37.69050979600007,-1.599484681999968],[37.68849563600003,-1.602405189999956],[37.68824005100004,-1.604611396999928],[37.68711471600005,-1.607277988999954],[37.686748505000025,-1.610992192999959],[37.68827056900005,-1.617023705999941],[37.68696975700004,-1.619277595999961],[37.68333435100004,-1.619214057999955],[37.68270111100003,-1.623245596999936],[37.68195343000008,-1.623753547999968],[37.68117904700006,-1.626404284999978],[37.67536926300005,-1.62991201899996],[37.674766541000054,-1.629594563999945],[37.67481231700003,-1.630578755999977],[37.67340087900004,-1.631308793999949],[37.67179489100005,-1.63334047799998],[37.67100143400006,-1.636070608999944],[37.67154312100007,-1.636991142999932],[37.669544220000034,-1.637927650999927],[37.66958999600007,-1.638721227999952],[37.66833496100003,-1.640006899999946],[37.668422699000075,-1.641637443999969],[37.667743683000026,-1.642297028999963],[37.665996552000024,-1.642499207999947],[37.66452026400003,-1.643914103999975],[37.66202926600005,-1.643807768999977],[37.66064453100006,-1.644935488999977],[37.65982818600003,-1.642033338999966],[37.65782165500008,-1.639861821999944],[37.656272888000046,-1.636991857999931],[37.65566253700007,-1.63038981],[37.65476608300003,-1.629822372999968],[37.65113067600004,-1.629505872999971],[37.64924621600005,-1.628523706999943],[37.64998626700003,-1.621932625999932],[37.64900589000007,-1.620732306999969],[37.646625519000054,-1.620022892999941],[37.64586257900004,-1.616891025999962],[37.644474030000026,-1.614555835999965],[37.644138336000026,-1.611533045999977],[37.642871857000046,-1.608575820999931],[37.642402649000076,-1.602999448999981],[37.64247894300007,-1.601613640999972],[37.64363479600007,-1.599933146999945],[37.641506195000034,-1.595360755999934],[37.64321136500007,-1.594400524999969],[37.643253326000035,-1.592970966999928],[37.642761230000076,-1.591934322999975],[37.64073181200007,-1.591279506999968],[37.63962173500005,-1.59011185199995],[37.63983917200005,-1.589217066999936],[37.64172744800004,-1.587612866999962],[37.64151763900003,-1.586456179999971],[37.64040374800004,-1.586074232999977],[37.63795089700005,-1.588300466999954],[37.63496017500006,-1.589533566999933],[37.632625580000024,-1.589719056999968],[37.62763977100008,-1.586139797999977],[37.627136230000076,-1.584448337999959],[37.62344741800007,-1.581054567999956],[37.61923599200003,-1.572062611999968],[37.61950302100007,-1.56924593399998],[37.62081527700008,-1.568678259999956],[37.62159729000007,-1.56900656199997],[37.62177276600005,-1.567187308999962],[37.620883942000034,-1.564095854999948],[37.61894226100003,-1.562714218999929],[37.62276077300004,-1.56049823799998],[37.62114334100005,-1.559773206999978],[37.61705398600003,-1.556079864999958],[37.616222382000046,-1.554602622999937],[37.615207672000054,-1.554452061999939],[37.614879608000024,-1.553111552999951],[37.61317062400008,-1.550936579999927],[37.61104965200008,-1.550717710999948],[37.61101913500005,-1.549478291999947],[37.60847473100006,-1.550198792999936],[37.60830688500005,-1.55183208],[37.60472869900008,-1.553345202999935],[37.60417556800007,-1.552072166999949],[37.60515976000005,-1.551687955999967],[37.60535049400005,-1.550799250999944],[37.60455703700006,-1.54795491699997],[37.601711273000035,-1.544301866999945],[37.60048294100005,-1.544032692999963],[37.60048294100005,-1.542456030999972],[37.598625183000024,-1.541313528999979],[37.60191726700003,-1.533300160999943],[37.60619735700004,-1.53130340599995],[37.60545730600006,-1.530964731999973],[37.603786469000056,-1.528293132999977],[37.60516738900003,-1.524831413999948],[37.60481643700007,-1.522059559999946],[37.60430145300006,-1.521507620999955],[37.604614258000026,-1.519111990999932],[37.603305817000034,-1.515019416999962],[37.60360717800006,-1.513444065999977],[37.61194610600006,-1.504503607999936],[37.611320496000076,-1.501207947999944],[37.613304138000046,-1.498842715999956],[37.615741730000025,-1.49823],[37.618827820000035,-1.495318173999976],[37.62118148800005,-1.494765281999946],[37.62289810200008,-1.492351054999972],[37.623363495000035,-1.490838407999945],[37.61935043300008,-1.492583870999965],[37.61571502700008,-1.49284565399995],[37.616493225000056,-1.490123152999956],[37.61957168600003,-1.486984967999945],[37.619514465000066,-1.485222100999977],[37.61863327000003,-1.483904718999952],[37.619010925000055,-1.482984661999979],[37.622081757000046,-1.482141971999965],[37.62443542500006,-1.480553507999957],[37.62511444100005,-1.476030230999925],[37.62802887000004,-1.473928451999939],[37.62813568100006,-1.470799803999967],[37.630371094000054,-1.467845677999947],[37.63193130500008,-1.467371105999973],[37.63317108200005,-1.465801953999971],[37.63480758700007,-1.464910864999979],[37.63546752900004,-1.464891433999981],[37.63645553600003,-1.466596245999938],[37.637531281000065,-1.465646981999953],[37.63874054000007,-1.466169952999962],[37.64001846300005,-1.464145659999929],[37.641761780000024,-1.462925195999958],[37.64179992700008,-1.461762904999944],[37.64327240000006,-1.46128833299997],[37.64408874500003,-1.461733817999971],[37.64603424100005,-1.461520790999941],[37.64808654800004,-1.459457635999968],[37.64792251600005,-1.458382606999976],[37.64851379400005,-1.457840203999979],[37.65001678500005,-1.458305119999977],[37.650604248000036,-1.459273695999968],[37.651584625000055,-1.459108948999926],[37.65278625500008,-1.457607745999951],[37.65239715600006,-1.456193565999968],[37.653163910000046,-1.456038593999949],[37.65494537400008,-1.454149841999936],[37.65661239600007,-1.454585670999961],[37.65756988500004,-1.453801154999951],[37.65721130400004,-1.452144860999965],[37.65842819200003,-1.450696348999941],[37.65925664100007,-1.451103898999975],[37.659404755000025,-1.451176762999978]]]}}]}